#########################################################
# OpenDb 1.1.0dev1 'BOOK' Item Type
#########################################################

#
# Item Type
#
INSERT INTO s_item_type ( s_item_type, description, image ) VALUES ( 'BOOK', 'Book', 'book.gif' );

#
# Attributes (non-core)
#
INSERT INTO s_attribute_type ( s_attribute_type, description, prompt, input_type, input_type_arg1, input_type_arg2, input_type_arg3, input_type_arg4, input_type_arg5, display_type, display_type_arg1, display_type_arg2, display_type_arg3, display_type_arg4, display_type_arg5, listing_link_ind, file_attribute_ind, lookup_attribute_ind, multi_attribute_ind, s_field_type, site_type ) VALUES ( 'ALT_TITLE', 'Alternate Title', 'Alternate Title', 'text', '50', NULL, NULL, NULL, NULL, 'display','%value%', NULL, NULL, NULL, NULL, 'N', 'N', 'N', 'N', NULL, NULL);
INSERT INTO s_attribute_type ( s_attribute_type, description, prompt, input_type, input_type_arg1, input_type_arg2, input_type_arg3, input_type_arg4, input_type_arg5, display_type, display_type_arg1, display_type_arg2, display_type_arg3, display_type_arg4, display_type_arg5, listing_link_ind, file_attribute_ind, lookup_attribute_ind, multi_attribute_ind, s_field_type, site_type ) VALUES ( 'ALT_ID', 'Alternate Item ID', 'Alt Item ID', 'text', '10', NULL, NULL, NULL, NULL, 'display','%value%', NULL, NULL, NULL, NULL, 'N', 'N', 'N', 'N', NULL, NULL);
INSERT INTO s_attribute_type ( s_attribute_type, description, prompt, input_type, input_type_arg1, input_type_arg2, input_type_arg3, input_type_arg4, input_type_arg5, display_type, display_type_arg1, display_type_arg2, display_type_arg3, display_type_arg4, display_type_arg5, listing_link_ind, file_attribute_ind, lookup_attribute_ind, multi_attribute_ind, s_field_type, site_type ) VALUES ( 'IMAGEURL', 'Item Image URL', 'Image', 'url', '50', '*', 'IMAGE', NULL, NULL, 'hidden',NULL, NULL, NULL, NULL, NULL, 'N', 'Y', 'N', 'N', 'IMAGE', NULL);
INSERT INTO s_attribute_type ( s_attribute_type, description, prompt, input_type, input_type_arg1, input_type_arg2, input_type_arg3, input_type_arg4, input_type_arg5, display_type, display_type_arg1, display_type_arg2, display_type_arg3, display_type_arg4, display_type_arg5, listing_link_ind, file_attribute_ind, lookup_attribute_ind, multi_attribute_ind, s_field_type, site_type ) VALUES ( 'AUTHOR', 'Book Author', 'Author(s)', 'text', '30', '*', NULL, NULL, NULL, 'list','names', NULL, NULL, NULL, NULL, 'Y', 'N', 'N', 'Y', NULL, NULL);
INSERT INTO s_attribute_type ( s_attribute_type, description, prompt, input_type, input_type_arg1, input_type_arg2, input_type_arg3, input_type_arg4, input_type_arg5, display_type, display_type_arg1, display_type_arg2, display_type_arg3, display_type_arg4, display_type_arg5, listing_link_ind, file_attribute_ind, lookup_attribute_ind, multi_attribute_ind, s_field_type, site_type ) VALUES ( 'BOOKGENRE', 'Book Genre', 'Genre', 'checkbox_grid', '%display%', 'VERTICAL', NULL, NULL, NULL, 'category','%display%', NULL, NULL, NULL, NULL, 'Y', 'N', 'Y', 'N', 'CATEGORY', NULL);
INSERT INTO s_attribute_type ( s_attribute_type, description, prompt, input_type, input_type_arg1, input_type_arg2, input_type_arg3, input_type_arg4, input_type_arg5, display_type, display_type_arg1, display_type_arg2, display_type_arg3, display_type_arg4, display_type_arg5, listing_link_ind, file_attribute_ind, lookup_attribute_ind, multi_attribute_ind, s_field_type, site_type ) VALUES ( 'SYNOPSIS', 'Synopsis', 'Synopsis', 'textarea', '50', '5', NULL, NULL, NULL, 'display','%value%', NULL, NULL, NULL, NULL, 'N', 'N', 'N', 'N', NULL, NULL);
INSERT INTO s_attribute_type ( s_attribute_type, description, prompt, input_type, input_type_arg1, input_type_arg2, input_type_arg3, input_type_arg4, input_type_arg5, display_type, display_type_arg1, display_type_arg2, display_type_arg3, display_type_arg4, display_type_arg5, listing_link_ind, file_attribute_ind, lookup_attribute_ind, multi_attribute_ind, s_field_type, site_type ) VALUES ( 'ISBN', 'Book ISBN', 'ISBN', 'filtered', '13', '13', '0-9-X', NULL, NULL, 'display','%value%', NULL, NULL, NULL, NULL, 'N', 'N', 'N', 'N', NULL, NULL);
INSERT INTO s_attribute_type ( s_attribute_type, description, prompt, input_type, input_type_arg1, input_type_arg2, input_type_arg3, input_type_arg4, input_type_arg5, display_type, display_type_arg1, display_type_arg2, display_type_arg3, display_type_arg4, display_type_arg5, listing_link_ind, file_attribute_ind, lookup_attribute_ind, multi_attribute_ind, s_field_type, site_type ) VALUES ( 'PUBLISHER', 'Publisher', 'Publisher', 'text', '30', '*', NULL, NULL, NULL, 'display','%value%', NULL, NULL, NULL, NULL, 'Y', 'N', 'N', 'N', NULL, NULL);
INSERT INTO s_attribute_type ( s_attribute_type, description, prompt, input_type, input_type_arg1, input_type_arg2, input_type_arg3, input_type_arg4, input_type_arg5, display_type, display_type_arg1, display_type_arg2, display_type_arg3, display_type_arg4, display_type_arg5, listing_link_ind, file_attribute_ind, lookup_attribute_ind, multi_attribute_ind, s_field_type, site_type ) VALUES ( 'PUB_DATE', 'Date Published', 'Published', 'datetime', 'YYYY', NULL, NULL, NULL, NULL, 'datetime','YYYY', NULL, NULL, NULL, NULL, 'N', 'N', 'N', 'N', NULL, NULL);
INSERT INTO s_attribute_type ( s_attribute_type, description, prompt, input_type, input_type_arg1, input_type_arg2, input_type_arg3, input_type_arg4, input_type_arg5, display_type, display_type_arg1, display_type_arg2, display_type_arg3, display_type_arg4, display_type_arg5, listing_link_ind, file_attribute_ind, lookup_attribute_ind, multi_attribute_ind, s_field_type, site_type ) VALUES ( 'COVERPRICE', 'Cover Price', 'Price', 'filtered', '6', '6', '0-9.', NULL, NULL, 'display','%value%', NULL, NULL, NULL, NULL, 'N', 'N', 'N', 'N', NULL, NULL);
INSERT INTO s_attribute_type ( s_attribute_type, description, prompt, input_type, input_type_arg1, input_type_arg2, input_type_arg3, input_type_arg4, input_type_arg5, display_type, display_type_arg1, display_type_arg2, display_type_arg3, display_type_arg4, display_type_arg5, listing_link_ind, file_attribute_ind, lookup_attribute_ind, multi_attribute_ind, s_field_type, site_type ) VALUES ( 'COMMENTS', 'Extra Comments', 'Comments', 'textarea', '50', '5', NULL, NULL, NULL, 'display','%value%', NULL, NULL, NULL, NULL, 'N', 'N', 'N', 'N', NULL, NULL);

#
# Item Attribute Relationships
#
INSERT INTO s_item_attribute_type ( s_item_type, s_attribute_type, order_no, prompt, instance_attribute_ind, compulsory_ind, printable_ind, rss_ind ) VALUES ( 'BOOK', 'S_TITLE', 1, NULL, 'N', 'N', 'Y', 'N' );
INSERT INTO s_item_attribute_type ( s_item_type, s_attribute_type, order_no, prompt, instance_attribute_ind, compulsory_ind, printable_ind, rss_ind ) VALUES ( 'BOOK', 'ALT_TITLE', 1, NULL, 'N', 'N', 'Y', 'N' );
INSERT INTO s_item_attribute_type ( s_item_type, s_attribute_type, order_no, prompt, instance_attribute_ind, compulsory_ind, printable_ind, rss_ind ) VALUES ( 'BOOK', 'ALT_ID', 2, NULL, 'N', 'N', 'Y', 'N' );
INSERT INTO s_item_attribute_type ( s_item_type, s_attribute_type, order_no, prompt, instance_attribute_ind, compulsory_ind, printable_ind, rss_ind ) VALUES ( 'BOOK', 'IMAGEURL', 2, NULL, 'N', 'N', 'Y', 'N' );
INSERT INTO s_item_attribute_type ( s_item_type, s_attribute_type, order_no, prompt, instance_attribute_ind, compulsory_ind, printable_ind, rss_ind ) VALUES ( 'BOOK', 'AUTHOR', 10, NULL, 'N', 'Y', 'Y', 'Y' );
INSERT INTO s_item_attribute_type ( s_item_type, s_attribute_type, order_no, prompt, instance_attribute_ind, compulsory_ind, printable_ind, rss_ind ) VALUES ( 'BOOK', 'BOOKGENRE', 20, NULL, 'N', 'N', 'Y', 'N' );
INSERT INTO s_item_attribute_type ( s_item_type, s_attribute_type, order_no, prompt, instance_attribute_ind, compulsory_ind, printable_ind, rss_ind ) VALUES ( 'BOOK', 'SYNOPSIS', 25, NULL, 'N', 'N', 'Y', 'N' );
INSERT INTO s_item_attribute_type ( s_item_type, s_attribute_type, order_no, prompt, instance_attribute_ind, compulsory_ind, printable_ind, rss_ind ) VALUES ( 'BOOK', 'ISBN', 30, NULL, 'N', 'N', 'Y', 'N' );
INSERT INTO s_item_attribute_type ( s_item_type, s_attribute_type, order_no, prompt, instance_attribute_ind, compulsory_ind, printable_ind, rss_ind ) VALUES ( 'BOOK', 'PUBLISHER', 40, NULL, 'N', 'N', 'Y', 'N' );
INSERT INTO s_item_attribute_type ( s_item_type, s_attribute_type, order_no, prompt, instance_attribute_ind, compulsory_ind, printable_ind, rss_ind ) VALUES ( 'BOOK', 'PUB_DATE', 50, NULL, 'N', 'N', 'Y', 'N' );
INSERT INTO s_item_attribute_type ( s_item_type, s_attribute_type, order_no, prompt, instance_attribute_ind, compulsory_ind, printable_ind, rss_ind ) VALUES ( 'BOOK', 'COVERPRICE', 60, NULL, 'Y', 'N', 'Y', 'N' );
INSERT INTO s_item_attribute_type ( s_item_type, s_attribute_type, order_no, prompt, instance_attribute_ind, compulsory_ind, printable_ind, rss_ind ) VALUES ( 'BOOK', 'COMMENTS', 70, NULL, 'N', 'N', 'Y', 'N' );
INSERT INTO s_item_attribute_type ( s_item_type, s_attribute_type, order_no, prompt, instance_attribute_ind, compulsory_ind, printable_ind, rss_ind ) VALUES ( 'BOOK', 'S_STATUS', 253, NULL, 'N', 'N', 'Y', 'N' );
INSERT INTO s_item_attribute_type ( s_item_type, s_attribute_type, order_no, prompt, instance_attribute_ind, compulsory_ind, printable_ind, rss_ind ) VALUES ( 'BOOK', 'S_STATCMNT', 254, NULL, 'N', 'N', 'Y', 'N' );
INSERT INTO s_item_attribute_type ( s_item_type, s_attribute_type, order_no, prompt, instance_attribute_ind, compulsory_ind, printable_ind, rss_ind ) VALUES ( 'BOOK', 'S_DURATION', 255, NULL, 'N', 'N', 'Y', 'N' );

#
# Attribute Type Lookup (BOOKGENRE)
#
INSERT INTO s_attribute_type_lookup ( s_attribute_type, order_no, value, display, img, checked_ind ) VALUES ( 'BOOKGENRE', NULL, 'Art', '', '', 'N' );
INSERT INTO s_attribute_type_lookup ( s_attribute_type, order_no, value, display, img, checked_ind ) VALUES ( 'BOOKGENRE', NULL, 'Autobiography', '', '', 'N' );
INSERT INTO s_attribute_type_lookup ( s_attribute_type, order_no, value, display, img, checked_ind ) VALUES ( 'BOOKGENRE', NULL, 'Biography', '', '', 'N' );
INSERT INTO s_attribute_type_lookup ( s_attribute_type, order_no, value, display, img, checked_ind ) VALUES ( 'BOOKGENRE', NULL, 'Children', '', '', 'N' );
INSERT INTO s_attribute_type_lookup ( s_attribute_type, order_no, value, display, img, checked_ind ) VALUES ( 'BOOKGENRE', NULL, 'Christian', '', '', 'N' );
INSERT INTO s_attribute_type_lookup ( s_attribute_type, order_no, value, display, img, checked_ind ) VALUES ( 'BOOKGENRE', NULL, 'Fantasy', '', '', 'N' );
INSERT INTO s_attribute_type_lookup ( s_attribute_type, order_no, value, display, img, checked_ind ) VALUES ( 'BOOKGENRE', NULL, 'Fiction', '', '', 'Y' );
INSERT INTO s_attribute_type_lookup ( s_attribute_type, order_no, value, display, img, checked_ind ) VALUES ( 'BOOKGENRE', NULL, 'History', '', '', 'N' );
INSERT INTO s_attribute_type_lookup ( s_attribute_type, order_no, value, display, img, checked_ind ) VALUES ( 'BOOKGENRE', NULL, 'Horror', '', '', 'N' );
INSERT INTO s_attribute_type_lookup ( s_attribute_type, order_no, value, display, img, checked_ind ) VALUES ( 'BOOKGENRE', NULL, 'Jokes', '', '', 'N' );
INSERT INTO s_attribute_type_lookup ( s_attribute_type, order_no, value, display, img, checked_ind ) VALUES ( 'BOOKGENRE', NULL, 'Mystery', '', '', 'N' );
INSERT INTO s_attribute_type_lookup ( s_attribute_type, order_no, value, display, img, checked_ind ) VALUES ( 'BOOKGENRE', NULL, 'Non-Fiction', '', '', 'N' );
INSERT INTO s_attribute_type_lookup ( s_attribute_type, order_no, value, display, img, checked_ind ) VALUES ( 'BOOKGENRE', NULL, 'Poetry', '', '', 'N' );
INSERT INTO s_attribute_type_lookup ( s_attribute_type, order_no, value, display, img, checked_ind ) VALUES ( 'BOOKGENRE', NULL, 'Reference', '', '', 'N' );
INSERT INTO s_attribute_type_lookup ( s_attribute_type, order_no, value, display, img, checked_ind ) VALUES ( 'BOOKGENRE', NULL, 'Riddles', '', '', 'N' );
INSERT INTO s_attribute_type_lookup ( s_attribute_type, order_no, value, display, img, checked_ind ) VALUES ( 'BOOKGENRE', NULL, 'Romance', '', '', 'N' );
INSERT INTO s_attribute_type_lookup ( s_attribute_type, order_no, value, display, img, checked_ind ) VALUES ( 'BOOKGENRE', NULL, 'Sci-Fi', '', '', 'N' );
INSERT INTO s_attribute_type_lookup ( s_attribute_type, order_no, value, display, img, checked_ind ) VALUES ( 'BOOKGENRE', NULL, 'Science', '', '', 'N' );
INSERT INTO s_attribute_type_lookup ( s_attribute_type, order_no, value, display, img, checked_ind ) VALUES ( 'BOOKGENRE', NULL, 'Sports', '', '', 'N' );
INSERT INTO s_attribute_type_lookup ( s_attribute_type, order_no, value, display, img, checked_ind ) VALUES ( 'BOOKGENRE', NULL, 'Thriller', '', '', 'N' );
