#########################################################
# OpenDb 1.5.0b2 'VCD' Item Type
#########################################################

#
# Item Type
#
INSERT INTO s_item_type ( s_item_type, description, image ) VALUES ( 'VCD', 'Video Disc', 'vcd.gif' );

#
# Item Type Group Relationships
#
INSERT INTO s_item_type_group_rltshp ( s_item_type_group, s_item_type ) VALUES ( 'VIDEO', 'VCD' );

#
# Attributes (non-core)
#
INSERT INTO s_attribute_type ( s_attribute_type, description, prompt, input_type, input_type_arg1, input_type_arg2, input_type_arg3, input_type_arg4, input_type_arg5, display_type, display_type_arg1, display_type_arg2, display_type_arg3, display_type_arg4, display_type_arg5, listing_link_ind, file_attribute_ind, lookup_attribute_ind, multi_attribute_ind, s_field_type, site_type ) VALUES ( 'ALT_ID', 'Alternate Item ID', 'Alt Item ID', 'text', '10', NULL, NULL, NULL, NULL, 'display','%value%', NULL, NULL, NULL, NULL, 'N', 'N', 'N', 'N', NULL, NULL);
INSERT INTO s_attribute_type ( s_attribute_type, description, prompt, input_type, input_type_arg1, input_type_arg2, input_type_arg3, input_type_arg4, input_type_arg5, display_type, display_type_arg1, display_type_arg2, display_type_arg3, display_type_arg4, display_type_arg5, listing_link_ind, file_attribute_ind, lookup_attribute_ind, multi_attribute_ind, s_field_type, site_type ) VALUES ( 'ALT_TITLE', 'Alternate Title', 'Alternate Title', 'text', '50', NULL, NULL, NULL, NULL, 'display','%value%', NULL, NULL, NULL, NULL, 'N', 'N', 'N', 'N', NULL, NULL);
INSERT INTO s_attribute_type ( s_attribute_type, description, prompt, input_type, input_type_arg1, input_type_arg2, input_type_arg3, input_type_arg4, input_type_arg5, display_type, display_type_arg1, display_type_arg2, display_type_arg3, display_type_arg4, display_type_arg5, listing_link_ind, file_attribute_ind, lookup_attribute_ind, multi_attribute_ind, s_field_type, site_type ) VALUES ( 'UPC_ID', 'UPC ID', 'UPC ID', 'hidden', NULL, NULL, NULL, NULL, NULL, 'hidden',NULL, NULL, NULL, NULL, NULL, 'N', 'N', 'N', 'N', NULL, NULL);
INSERT INTO s_attribute_type ( s_attribute_type, description, prompt, input_type, input_type_arg1, input_type_arg2, input_type_arg3, input_type_arg4, input_type_arg5, display_type, display_type_arg1, display_type_arg2, display_type_arg3, display_type_arg4, display_type_arg5, listing_link_ind, file_attribute_ind, lookup_attribute_ind, multi_attribute_ind, s_field_type, site_type ) VALUES ( 'IMAGEURL', 'Item Image URL', 'Image', 'url', '50', '*', 'IMAGE', NULL, NULL, 'hidden',NULL, NULL, NULL, NULL, NULL, 'N', 'Y', 'N', 'N', 'IMAGE', NULL);
INSERT INTO s_attribute_type ( s_attribute_type, description, prompt, input_type, input_type_arg1, input_type_arg2, input_type_arg3, input_type_arg4, input_type_arg5, display_type, display_type_arg1, display_type_arg2, display_type_arg3, display_type_arg4, display_type_arg5, listing_link_ind, file_attribute_ind, lookup_attribute_ind, multi_attribute_ind, s_field_type, site_type ) VALUES ( 'MOVIE_PLOT', 'Plot of a Movie', 'Plot', 'textarea', '50', '5', NULL, NULL, NULL, 'display','%value%', NULL, NULL, NULL, NULL, 'N', 'N', 'N', 'N', NULL, NULL);
INSERT INTO s_attribute_type ( s_attribute_type, description, prompt, input_type, input_type_arg1, input_type_arg2, input_type_arg3, input_type_arg4, input_type_arg5, display_type, display_type_arg1, display_type_arg2, display_type_arg3, display_type_arg4, display_type_arg5, listing_link_ind, file_attribute_ind, lookup_attribute_ind, multi_attribute_ind, s_field_type, site_type ) VALUES ( 'DIRECTOR', 'Director of a Movie', 'Director(s)', 'text', '50', NULL, NULL, NULL, NULL, 'list','names', NULL, NULL, NULL, NULL, 'Y', 'N', 'N', 'Y', NULL, NULL);
INSERT INTO s_attribute_type ( s_attribute_type, description, prompt, input_type, input_type_arg1, input_type_arg2, input_type_arg3, input_type_arg4, input_type_arg5, display_type, display_type_arg1, display_type_arg2, display_type_arg3, display_type_arg4, display_type_arg5, listing_link_ind, file_attribute_ind, lookup_attribute_ind, multi_attribute_ind, s_field_type, site_type ) VALUES ( 'ACTORS', 'List of Actors in a movie', 'Actor(s)', 'text', '50', NULL, NULL, NULL, NULL, 'list','names', NULL, NULL, NULL, NULL, 'Y', 'N', 'N', 'Y', NULL, NULL);
INSERT INTO s_attribute_type ( s_attribute_type, description, prompt, input_type, input_type_arg1, input_type_arg2, input_type_arg3, input_type_arg4, input_type_arg5, display_type, display_type_arg1, display_type_arg2, display_type_arg3, display_type_arg4, display_type_arg5, listing_link_ind, file_attribute_ind, lookup_attribute_ind, multi_attribute_ind, s_field_type, site_type ) VALUES ( 'MOVIEGENRE', 'Movie Genre', 'Genre', 'checkbox_grid', '%display%', 'VERTICAL', NULL, NULL, NULL, 'category','%display%', NULL, NULL, NULL, NULL, 'Y', 'N', 'Y', 'N', 'CATEGORY', NULL);
INSERT INTO s_attribute_type ( s_attribute_type, description, prompt, input_type, input_type_arg1, input_type_arg2, input_type_arg3, input_type_arg4, input_type_arg5, display_type, display_type_arg1, display_type_arg2, display_type_arg3, display_type_arg4, display_type_arg5, listing_link_ind, file_attribute_ind, lookup_attribute_ind, multi_attribute_ind, s_field_type, site_type ) VALUES ( 'YEAR', 'Year of Release', 'Year', 'number', '4', NULL, NULL, NULL, NULL, 'display','%value%', NULL, NULL, NULL, NULL, 'Y', 'N', 'N', 'N', NULL, NULL);
INSERT INTO s_attribute_type ( s_attribute_type, description, prompt, input_type, input_type_arg1, input_type_arg2, input_type_arg3, input_type_arg4, input_type_arg5, display_type, display_type_arg1, display_type_arg2, display_type_arg3, display_type_arg4, display_type_arg5, listing_link_ind, file_attribute_ind, lookup_attribute_ind, multi_attribute_ind, s_field_type, site_type ) VALUES ( 'RUN_TIME', 'Running time', 'Length (minutes)', 'number', '4', NULL, NULL, NULL, NULL, 'format_mins','%h %H %m %M', NULL, NULL, NULL, NULL, 'N', 'N', 'N', 'N', NULL, NULL);
INSERT INTO s_attribute_type ( s_attribute_type, description, prompt, input_type, input_type_arg1, input_type_arg2, input_type_arg3, input_type_arg4, input_type_arg5, display_type, display_type_arg1, display_type_arg2, display_type_arg3, display_type_arg4, display_type_arg5, listing_link_ind, file_attribute_ind, lookup_attribute_ind, multi_attribute_ind, s_field_type, site_type ) VALUES ( 'SUBTITLES', 'Subtitle languages', 'Subtitles', 'checkbox_grid', '%img% %display%', 'VERTICAL', NULL, NULL, NULL, 'display','%img% %display%', NULL, NULL, NULL, NULL, 'Y', 'N', 'Y', 'N', NULL, NULL);
INSERT INTO s_attribute_type ( s_attribute_type, description, prompt, input_type, input_type_arg1, input_type_arg2, input_type_arg3, input_type_arg4, input_type_arg5, display_type, display_type_arg1, display_type_arg2, display_type_arg3, display_type_arg4, display_type_arg5, listing_link_ind, file_attribute_ind, lookup_attribute_ind, multi_attribute_ind, s_field_type, site_type ) VALUES ( 'AGE_RATING', 'Age Recommendation', 'Age', 'radio_grid', '%img% %display%', NULL, NULL, NULL, NULL, 'display','%img%', NULL, NULL, NULL, NULL, 'Y', 'N', 'Y', 'N', NULL, NULL);
INSERT INTO s_attribute_type ( s_attribute_type, description, prompt, input_type, input_type_arg1, input_type_arg2, input_type_arg3, input_type_arg4, input_type_arg5, display_type, display_type_arg1, display_type_arg2, display_type_arg3, display_type_arg4, display_type_arg5, listing_link_ind, file_attribute_ind, lookup_attribute_ind, multi_attribute_ind, s_field_type, site_type ) VALUES ( 'VID_FORMAT', 'Encoding Format of Video', 'Video Format', 'single_select', '%value%', NULL, NULL, NULL, NULL, 'display','%value%', NULL, NULL, NULL, NULL, 'Y', 'N', 'Y', 'N', NULL, NULL);
INSERT INTO s_attribute_type ( s_attribute_type, description, prompt, input_type, input_type_arg1, input_type_arg2, input_type_arg3, input_type_arg4, input_type_arg5, display_type, display_type_arg1, display_type_arg2, display_type_arg3, display_type_arg4, display_type_arg5, listing_link_ind, file_attribute_ind, lookup_attribute_ind, multi_attribute_ind, s_field_type, site_type ) VALUES ( 'VIDQUALITY', 'Quality of Video', 'Quality', 'radio_grid', '%display%', 'VERTICAL', NULL, NULL, NULL, 'display','%display%', NULL, NULL, NULL, NULL, 'Y', 'N', 'Y', 'N', NULL, NULL);
INSERT INTO s_attribute_type ( s_attribute_type, description, prompt, input_type, input_type_arg1, input_type_arg2, input_type_arg3, input_type_arg4, input_type_arg5, display_type, display_type_arg1, display_type_arg2, display_type_arg3, display_type_arg4, display_type_arg5, listing_link_ind, file_attribute_ind, lookup_attribute_ind, multi_attribute_ind, s_field_type, site_type ) VALUES ( 'COMMENTS', 'Extra Comments', 'Comments', 'textarea', '50', '5', NULL, NULL, NULL, 'display','%value%', NULL, NULL, NULL, NULL, 'N', 'N', 'N', 'N', NULL, NULL);

#
# Item Attribute Relationships
#
INSERT INTO s_item_attribute_type ( s_item_type, s_attribute_type, order_no, prompt, instance_attribute_ind, compulsory_ind, printable_ind, rss_ind ) VALUES ( 'VCD', 'S_ITEM_ID', 0, NULL, 'N', 'N', 'Y', 'N' );
INSERT INTO s_item_attribute_type ( s_item_type, s_attribute_type, order_no, prompt, instance_attribute_ind, compulsory_ind, printable_ind, rss_ind ) VALUES ( 'VCD', 'S_TITLE', 1, NULL, 'N', 'N', 'Y', 'N' );
INSERT INTO s_item_attribute_type ( s_item_type, s_attribute_type, order_no, prompt, instance_attribute_ind, compulsory_ind, printable_ind, rss_ind ) VALUES ( 'VCD', 'ALT_ID', 2, NULL, 'N', 'N', 'Y', 'N' );
INSERT INTO s_item_attribute_type ( s_item_type, s_attribute_type, order_no, prompt, instance_attribute_ind, compulsory_ind, printable_ind, rss_ind ) VALUES ( 'VCD', 'ALT_TITLE', 2, NULL, 'N', 'N', 'Y', 'N' );
INSERT INTO s_item_attribute_type ( s_item_type, s_attribute_type, order_no, prompt, instance_attribute_ind, compulsory_ind, printable_ind, rss_ind ) VALUES ( 'VCD', 'UPC_ID', 3, NULL, 'N', 'N', 'Y', 'N' );
INSERT INTO s_item_attribute_type ( s_item_type, s_attribute_type, order_no, prompt, instance_attribute_ind, compulsory_ind, printable_ind, rss_ind ) VALUES ( 'VCD', 'IMAGEURL', 4, NULL, 'N', 'N', 'Y', 'N' );
INSERT INTO s_item_attribute_type ( s_item_type, s_attribute_type, order_no, prompt, instance_attribute_ind, compulsory_ind, printable_ind, rss_ind ) VALUES ( 'VCD', 'MOVIE_PLOT', 10, NULL, 'N', 'N', 'Y', 'N' );
INSERT INTO s_item_attribute_type ( s_item_type, s_attribute_type, order_no, prompt, instance_attribute_ind, compulsory_ind, printable_ind, rss_ind ) VALUES ( 'VCD', 'DIRECTOR', 20, NULL, 'N', 'N', 'Y', 'N' );
INSERT INTO s_item_attribute_type ( s_item_type, s_attribute_type, order_no, prompt, instance_attribute_ind, compulsory_ind, printable_ind, rss_ind ) VALUES ( 'VCD', 'ACTORS', 30, NULL, 'N', 'N', 'Y', 'N' );
INSERT INTO s_item_attribute_type ( s_item_type, s_attribute_type, order_no, prompt, instance_attribute_ind, compulsory_ind, printable_ind, rss_ind ) VALUES ( 'VCD', 'MOVIEGENRE', 40, NULL, 'N', 'N', 'Y', 'N' );
INSERT INTO s_item_attribute_type ( s_item_type, s_attribute_type, order_no, prompt, instance_attribute_ind, compulsory_ind, printable_ind, rss_ind ) VALUES ( 'VCD', 'YEAR', 50, NULL, 'N', 'N', 'Y', 'N' );
INSERT INTO s_item_attribute_type ( s_item_type, s_attribute_type, order_no, prompt, instance_attribute_ind, compulsory_ind, printable_ind, rss_ind ) VALUES ( 'VCD', 'RUN_TIME', 60, NULL, 'N', 'N', 'Y', 'N' );
INSERT INTO s_item_attribute_type ( s_item_type, s_attribute_type, order_no, prompt, instance_attribute_ind, compulsory_ind, printable_ind, rss_ind ) VALUES ( 'VCD', 'SUBTITLES', 70, NULL, 'N', 'N', 'Y', 'N' );
INSERT INTO s_item_attribute_type ( s_item_type, s_attribute_type, order_no, prompt, instance_attribute_ind, compulsory_ind, printable_ind, rss_ind ) VALUES ( 'VCD', 'AGE_RATING', 80, NULL, 'N', 'N', 'Y', 'N' );
INSERT INTO s_item_attribute_type ( s_item_type, s_attribute_type, order_no, prompt, instance_attribute_ind, compulsory_ind, printable_ind, rss_ind ) VALUES ( 'VCD', 'VID_FORMAT', 90, NULL, 'N', 'N', 'Y', 'N' );
INSERT INTO s_item_attribute_type ( s_item_type, s_attribute_type, order_no, prompt, instance_attribute_ind, compulsory_ind, printable_ind, rss_ind ) VALUES ( 'VCD', 'VIDQUALITY', 100, NULL, 'N', 'N', 'Y', 'N' );
INSERT INTO s_item_attribute_type ( s_item_type, s_attribute_type, order_no, prompt, instance_attribute_ind, compulsory_ind, printable_ind, rss_ind ) VALUES ( 'VCD', 'COMMENTS', 110, NULL, 'N', 'N', 'Y', 'N' );
INSERT INTO s_item_attribute_type ( s_item_type, s_attribute_type, order_no, prompt, instance_attribute_ind, compulsory_ind, printable_ind, rss_ind ) VALUES ( 'VCD', 'S_STATUS', 253, NULL, 'N', 'N', 'Y', 'N' );
INSERT INTO s_item_attribute_type ( s_item_type, s_attribute_type, order_no, prompt, instance_attribute_ind, compulsory_ind, printable_ind, rss_ind ) VALUES ( 'VCD', 'S_STATCMNT', 254, NULL, 'N', 'N', 'Y', 'N' );
INSERT INTO s_item_attribute_type ( s_item_type, s_attribute_type, order_no, prompt, instance_attribute_ind, compulsory_ind, printable_ind, rss_ind ) VALUES ( 'VCD', 'S_DURATION', 255, NULL, 'N', 'N', 'Y', 'N' );

#
# Attribute Type Lookup (MOVIEGENRE)
#
INSERT INTO s_attribute_type_lookup ( s_attribute_type, order_no, value, display, img, checked_ind ) VALUES ( 'MOVIEGENRE', NULL, 'Action', '', '', 'N' );
INSERT INTO s_attribute_type_lookup ( s_attribute_type, order_no, value, display, img, checked_ind ) VALUES ( 'MOVIEGENRE', NULL, 'Adult', '', '', 'N' );
INSERT INTO s_attribute_type_lookup ( s_attribute_type, order_no, value, display, img, checked_ind ) VALUES ( 'MOVIEGENRE', NULL, 'Adventure', '', '', 'N' );
INSERT INTO s_attribute_type_lookup ( s_attribute_type, order_no, value, display, img, checked_ind ) VALUES ( 'MOVIEGENRE', NULL, 'Animation', '', '', 'N' );
INSERT INTO s_attribute_type_lookup ( s_attribute_type, order_no, value, display, img, checked_ind ) VALUES ( 'MOVIEGENRE', NULL, 'Audio', '', '', 'N' );
INSERT INTO s_attribute_type_lookup ( s_attribute_type, order_no, value, display, img, checked_ind ) VALUES ( 'MOVIEGENRE', NULL, 'Biblical', '', '', 'N' );
INSERT INTO s_attribute_type_lookup ( s_attribute_type, order_no, value, display, img, checked_ind ) VALUES ( 'MOVIEGENRE', NULL, 'Comedy', '', '', 'N' );
INSERT INTO s_attribute_type_lookup ( s_attribute_type, order_no, value, display, img, checked_ind ) VALUES ( 'MOVIEGENRE', NULL, 'Documentary', '', '', 'N' );
INSERT INTO s_attribute_type_lookup ( s_attribute_type, order_no, value, display, img, checked_ind ) VALUES ( 'MOVIEGENRE', NULL, 'Drama', '', '', 'N' );
INSERT INTO s_attribute_type_lookup ( s_attribute_type, order_no, value, display, img, checked_ind ) VALUES ( 'MOVIEGENRE', NULL, 'Fantasy', '', '', 'N' );
INSERT INTO s_attribute_type_lookup ( s_attribute_type, order_no, value, display, img, checked_ind ) VALUES ( 'MOVIEGENRE', NULL, 'Horror', '', '', 'N' );
INSERT INTO s_attribute_type_lookup ( s_attribute_type, order_no, value, display, img, checked_ind ) VALUES ( 'MOVIEGENRE', NULL, 'Music', '', '', 'N' );
INSERT INTO s_attribute_type_lookup ( s_attribute_type, order_no, value, display, img, checked_ind ) VALUES ( 'MOVIEGENRE', NULL, 'Musical', '', '', 'N' );
INSERT INTO s_attribute_type_lookup ( s_attribute_type, order_no, value, display, img, checked_ind ) VALUES ( 'MOVIEGENRE', NULL, 'Mystery', '', '', 'N' );
INSERT INTO s_attribute_type_lookup ( s_attribute_type, order_no, value, display, img, checked_ind ) VALUES ( 'MOVIEGENRE', NULL, 'Other', '', '', 'N' );
INSERT INTO s_attribute_type_lookup ( s_attribute_type, order_no, value, display, img, checked_ind ) VALUES ( 'MOVIEGENRE', NULL, 'Romance', '', '', 'N' );
INSERT INTO s_attribute_type_lookup ( s_attribute_type, order_no, value, display, img, checked_ind ) VALUES ( 'MOVIEGENRE', NULL, 'ScienceFiction', 'Science Fiction', '', 'N' );
INSERT INTO s_attribute_type_lookup ( s_attribute_type, order_no, value, display, img, checked_ind ) VALUES ( 'MOVIEGENRE', NULL, 'Suspense', '', '', 'N' );
INSERT INTO s_attribute_type_lookup ( s_attribute_type, order_no, value, display, img, checked_ind ) VALUES ( 'MOVIEGENRE', NULL, 'Thriller', '', '', 'N' );
INSERT INTO s_attribute_type_lookup ( s_attribute_type, order_no, value, display, img, checked_ind ) VALUES ( 'MOVIEGENRE', NULL, 'War', '', '', 'N' );
INSERT INTO s_attribute_type_lookup ( s_attribute_type, order_no, value, display, img, checked_ind ) VALUES ( 'MOVIEGENRE', NULL, 'Western', '', '', 'N' );

#
# Attribute Type Lookup (SUBTITLES)
#
INSERT INTO s_attribute_type_lookup ( s_attribute_type, order_no, value, display, img, checked_ind ) VALUES ( 'SUBTITLES', 0, 'COMMENTARY', 'Commentary', 'director.gif', 'N' );
INSERT INTO s_attribute_type_lookup ( s_attribute_type, order_no, value, display, img, checked_ind ) VALUES ( 'SUBTITLES', 0, 'TRIVIA', 'Trivia', 'director.gif', 'N' );
INSERT INTO s_attribute_type_lookup ( s_attribute_type, order_no, value, display, img, checked_ind ) VALUES ( 'SUBTITLES', 1, 'ENGLISH', 'English', 'usa.gif', 'N' );
INSERT INTO s_attribute_type_lookup ( s_attribute_type, order_no, value, display, img, checked_ind ) VALUES ( 'SUBTITLES', 1, 'ENG_H_IMP', 'English (Hearing Impaired)', 'english.gif', 'N' );
INSERT INTO s_attribute_type_lookup ( s_attribute_type, order_no, value, display, img, checked_ind ) VALUES ( 'SUBTITLES', 1, 'FRENCH', 'French', 'french.gif', 'N' );
INSERT INTO s_attribute_type_lookup ( s_attribute_type, order_no, value, display, img, checked_ind ) VALUES ( 'SUBTITLES', 1, 'GERMAN', 'German', 'german.gif', 'N' );
INSERT INTO s_attribute_type_lookup ( s_attribute_type, order_no, value, display, img, checked_ind ) VALUES ( 'SUBTITLES', 1, 'ITALIAN', 'Italian', 'italian.gif', 'N' );
INSERT INTO s_attribute_type_lookup ( s_attribute_type, order_no, value, display, img, checked_ind ) VALUES ( 'SUBTITLES', 1, 'SPANISH', 'Spanish', 'spanish.gif', 'N' );

#
# Attribute Type Lookup (AGE_RATING)
#
INSERT INTO s_attribute_type_lookup ( s_attribute_type, order_no, value, display, img, checked_ind ) VALUES ( 'AGE_RATING', 0, 'G', 'General Audiences', 'G.gif', 'N' );
INSERT INTO s_attribute_type_lookup ( s_attribute_type, order_no, value, display, img, checked_ind ) VALUES ( 'AGE_RATING', 1, 'PG', 'Parental Guidance Suggested (6+)', 'PG.gif', 'N' );
INSERT INTO s_attribute_type_lookup ( s_attribute_type, order_no, value, display, img, checked_ind ) VALUES ( 'AGE_RATING', 2, 'M', 'Mature Audience Recommended', 'M.gif', 'Y' );
INSERT INTO s_attribute_type_lookup ( s_attribute_type, order_no, value, display, img, checked_ind ) VALUES ( 'AGE_RATING', 2, 'PG-13', 'Parental Guidance Strongly Cautioned (13+)', 'PG-13.gif', 'Y' );
INSERT INTO s_attribute_type_lookup ( s_attribute_type, order_no, value, display, img, checked_ind ) VALUES ( 'AGE_RATING', 3, 'MA', 'Mature Audience', 'MA.gif', 'N' );
INSERT INTO s_attribute_type_lookup ( s_attribute_type, order_no, value, display, img, checked_ind ) VALUES ( 'AGE_RATING', 3, 'R', 'Restricted Audience (17+)', 'R.gif', 'N' );
INSERT INTO s_attribute_type_lookup ( s_attribute_type, order_no, value, display, img, checked_ind ) VALUES ( 'AGE_RATING', 4, 'NC-17', 'No Admittance 17 and under', 'NC-17.gif', 'N' );
INSERT INTO s_attribute_type_lookup ( s_attribute_type, order_no, value, display, img, checked_ind ) VALUES ( 'AGE_RATING', 5, 'X', 'Explicit Sexual Content', 'X.gif', 'N' );
INSERT INTO s_attribute_type_lookup ( s_attribute_type, order_no, value, display, img, checked_ind ) VALUES ( 'AGE_RATING', 6, 'NR', 'Unrated Content', 'NR.gif', 'N' );

#
# Attribute Type Lookup (VID_FORMAT)
#
INSERT INTO s_attribute_type_lookup ( s_attribute_type, order_no, value, display, img, checked_ind ) VALUES ( 'VID_FORMAT', NULL, 'NTSC', '', '', 'Y' );
INSERT INTO s_attribute_type_lookup ( s_attribute_type, order_no, value, display, img, checked_ind ) VALUES ( 'VID_FORMAT', NULL, 'PAL', '', '', 'N' );
INSERT INTO s_attribute_type_lookup ( s_attribute_type, order_no, value, display, img, checked_ind ) VALUES ( 'VID_FORMAT', NULL, 'SECAM', '', '', 'N' );

#
# Attribute Type Lookup (VIDQUALITY)
#
INSERT INTO s_attribute_type_lookup ( s_attribute_type, order_no, value, display, img, checked_ind ) VALUES ( 'VIDQUALITY', NULL, '1', 'Excellent', '', 'Y' );
INSERT INTO s_attribute_type_lookup ( s_attribute_type, order_no, value, display, img, checked_ind ) VALUES ( 'VIDQUALITY', NULL, '2', 'Good', '', 'N' );
INSERT INTO s_attribute_type_lookup ( s_attribute_type, order_no, value, display, img, checked_ind ) VALUES ( 'VIDQUALITY', NULL, '3', 'Fair', '', 'N' );
INSERT INTO s_attribute_type_lookup ( s_attribute_type, order_no, value, display, img, checked_ind ) VALUES ( 'VIDQUALITY', NULL, '4', 'Poor', '', 'N' );
INSERT INTO s_attribute_type_lookup ( s_attribute_type, order_no, value, display, img, checked_ind ) VALUES ( 'VIDQUALITY', NULL, '5', 'Awful', '', 'N' );
