#########################################################
# OpenDb 1.5.0b6 'CD' Item Type
#########################################################

#
# Item Type
#
INSERT INTO s_item_type ( s_item_type, description, image ) VALUES ( 'CD', 'Compact Disc', 'cd.gif' );

#
# Item Type Group Relationships
#
INSERT INTO s_item_type_group_rltshp ( s_item_type_group, s_item_type ) VALUES ( 'AUDIO', 'CD' );

#
# Attributes (non-core)
#
INSERT INTO s_attribute_type ( s_attribute_type, description, prompt, input_type, input_type_arg1, input_type_arg2, input_type_arg3, input_type_arg4, input_type_arg5, display_type, display_type_arg1, display_type_arg2, display_type_arg3, display_type_arg4, display_type_arg5, listing_link_ind, file_attribute_ind, lookup_attribute_ind, multi_attribute_ind, s_field_type, site_type ) VALUES ( 'ALT_ID', 'Alternate Item ID', 'Alt Item ID', 'text', '10', NULL, NULL, NULL, NULL, 'display','%value%', NULL, NULL, NULL, NULL, 'N', 'N', 'N', 'N', NULL, NULL);
INSERT INTO s_attribute_type ( s_attribute_type, description, prompt, input_type, input_type_arg1, input_type_arg2, input_type_arg3, input_type_arg4, input_type_arg5, display_type, display_type_arg1, display_type_arg2, display_type_arg3, display_type_arg4, display_type_arg5, listing_link_ind, file_attribute_ind, lookup_attribute_ind, multi_attribute_ind, s_field_type, site_type ) VALUES ( 'ALT_TITLE', 'Alternate Title', 'Alternate Title', 'text', '50', NULL, NULL, NULL, NULL, 'display','%value%', NULL, NULL, NULL, NULL, 'N', 'N', 'N', 'N', NULL, NULL);
INSERT INTO s_attribute_type ( s_attribute_type, description, prompt, input_type, input_type_arg1, input_type_arg2, input_type_arg3, input_type_arg4, input_type_arg5, display_type, display_type_arg1, display_type_arg2, display_type_arg3, display_type_arg4, display_type_arg5, listing_link_ind, file_attribute_ind, lookup_attribute_ind, multi_attribute_ind, s_field_type, site_type ) VALUES ( 'UPC_ID', 'UPC ID', 'UPC ID', 'text', '13', NULL, NULL, NULL, NULL, 'display','%value%', NULL, NULL, NULL, NULL, 'N', 'N', 'N', 'N', NULL, NULL);
INSERT INTO s_attribute_type ( s_attribute_type, description, prompt, input_type, input_type_arg1, input_type_arg2, input_type_arg3, input_type_arg4, input_type_arg5, display_type, display_type_arg1, display_type_arg2, display_type_arg3, display_type_arg4, display_type_arg5, listing_link_ind, file_attribute_ind, lookup_attribute_ind, multi_attribute_ind, s_field_type, site_type ) VALUES ( 'IMAGEURL', 'Item Image URL', 'Image', 'url', '50', '*', 'IMAGE', NULL, NULL, 'hidden',NULL, NULL, NULL, NULL, NULL, 'N', 'Y', 'N', 'N', 'IMAGE', NULL);
INSERT INTO s_attribute_type ( s_attribute_type, description, prompt, input_type, input_type_arg1, input_type_arg2, input_type_arg3, input_type_arg4, input_type_arg5, display_type, display_type_arg1, display_type_arg2, display_type_arg3, display_type_arg4, display_type_arg5, listing_link_ind, file_attribute_ind, lookup_attribute_ind, multi_attribute_ind, s_field_type, site_type ) VALUES ( 'IMAGEURLB', 'Back Image URL', 'Back Image', 'url', '50', '*', 'IMAGE', NULL, NULL, 'hidden',NULL, NULL, NULL, NULL, NULL, 'N', 'Y', 'N', 'N', 'IMAGE', NULL);
INSERT INTO s_attribute_type ( s_attribute_type, description, prompt, input_type, input_type_arg1, input_type_arg2, input_type_arg3, input_type_arg4, input_type_arg5, display_type, display_type_arg1, display_type_arg2, display_type_arg3, display_type_arg4, display_type_arg5, listing_link_ind, file_attribute_ind, lookup_attribute_ind, multi_attribute_ind, s_field_type, site_type ) VALUES ( 'ARTIST', 'Music Artist or Band', 'Artist(s)/Band(s)', 'text', '50', NULL, NULL, NULL, NULL, 'list','names', NULL, NULL, NULL, NULL, 'Y', 'N', 'N', 'Y', NULL, NULL);
INSERT INTO s_attribute_type ( s_attribute_type, description, prompt, input_type, input_type_arg1, input_type_arg2, input_type_arg3, input_type_arg4, input_type_arg5, display_type, display_type_arg1, display_type_arg2, display_type_arg3, display_type_arg4, display_type_arg5, listing_link_ind, file_attribute_ind, lookup_attribute_ind, multi_attribute_ind, s_field_type, site_type ) VALUES ( 'COMPOSER', 'Music Composer(s)', 'Composer(s)', 'text', '50', NULL, NULL, NULL, NULL, 'list','names', NULL, NULL, NULL, NULL, 'Y', 'N', 'N', 'Y', NULL, NULL);
INSERT INTO s_attribute_type ( s_attribute_type, description, prompt, input_type, input_type_arg1, input_type_arg2, input_type_arg3, input_type_arg4, input_type_arg5, display_type, display_type_arg1, display_type_arg2, display_type_arg3, display_type_arg4, display_type_arg5, listing_link_ind, file_attribute_ind, lookup_attribute_ind, multi_attribute_ind, s_field_type, site_type ) VALUES ( 'LYRICIST', 'Lyric writer', 'Lyricist(s)', 'text', '50', NULL, NULL, NULL, NULL, 'list','names', NULL, NULL, NULL, NULL, 'Y', 'N', 'N', 'Y', NULL, NULL);
INSERT INTO s_attribute_type ( s_attribute_type, description, prompt, input_type, input_type_arg1, input_type_arg2, input_type_arg3, input_type_arg4, input_type_arg5, display_type, display_type_arg1, display_type_arg2, display_type_arg3, display_type_arg4, display_type_arg5, listing_link_ind, file_attribute_ind, lookup_attribute_ind, multi_attribute_ind, s_field_type, site_type ) VALUES ( 'INSTRUMENT', 'Instrumentalist', 'Instrumentalist(s)', 'text', '50', NULL, NULL, NULL, NULL, 'list','names', NULL, NULL, NULL, NULL, 'Y', 'N', 'N', 'Y', NULL, NULL);
INSERT INTO s_attribute_type ( s_attribute_type, description, prompt, input_type, input_type_arg1, input_type_arg2, input_type_arg3, input_type_arg4, input_type_arg5, display_type, display_type_arg1, display_type_arg2, display_type_arg3, display_type_arg4, display_type_arg5, listing_link_ind, file_attribute_ind, lookup_attribute_ind, multi_attribute_ind, s_field_type, site_type ) VALUES ( 'VOCALIST', 'Singer', 'Vocalist(s)', 'text', '50', NULL, NULL, NULL, NULL, 'list','names', NULL, NULL, NULL, NULL, 'Y', 'N', 'N', 'Y', NULL, NULL);
INSERT INTO s_attribute_type ( s_attribute_type, description, prompt, input_type, input_type_arg1, input_type_arg2, input_type_arg3, input_type_arg4, input_type_arg5, display_type, display_type_arg1, display_type_arg2, display_type_arg3, display_type_arg4, display_type_arg5, listing_link_ind, file_attribute_ind, lookup_attribute_ind, multi_attribute_ind, s_field_type, site_type ) VALUES ( 'CONDUCTER', 'Musical conducter', 'Conductor(s)', 'text', '50', NULL, NULL, NULL, NULL, 'list','names', NULL, NULL, NULL, NULL, 'Y', 'N', 'N', 'Y', NULL, NULL);
INSERT INTO s_attribute_type ( s_attribute_type, description, prompt, input_type, input_type_arg1, input_type_arg2, input_type_arg3, input_type_arg4, input_type_arg5, display_type, display_type_arg1, display_type_arg2, display_type_arg3, display_type_arg4, display_type_arg5, listing_link_ind, file_attribute_ind, lookup_attribute_ind, multi_attribute_ind, s_field_type, site_type ) VALUES ( 'PRODUCER', 'Producer(s) of a media', 'Producer(s)', 'text', '50', NULL, NULL, NULL, NULL, 'list','names', NULL, NULL, NULL, NULL, 'Y', 'N', 'N', 'Y', NULL, NULL);
INSERT INTO s_attribute_type ( s_attribute_type, description, prompt, input_type, input_type_arg1, input_type_arg2, input_type_arg3, input_type_arg4, input_type_arg5, display_type, display_type_arg1, display_type_arg2, display_type_arg3, display_type_arg4, display_type_arg5, listing_link_ind, file_attribute_ind, lookup_attribute_ind, multi_attribute_ind, s_field_type, site_type ) VALUES ( 'PUBLISHER', 'Publisher', 'Publisher', 'text', '30', '*', NULL, NULL, NULL, 'display','%value%', NULL, NULL, NULL, NULL, 'Y', 'N', 'N', 'N', NULL, NULL);
INSERT INTO s_attribute_type ( s_attribute_type, description, prompt, input_type, input_type_arg1, input_type_arg2, input_type_arg3, input_type_arg4, input_type_arg5, display_type, display_type_arg1, display_type_arg2, display_type_arg3, display_type_arg4, display_type_arg5, listing_link_ind, file_attribute_ind, lookup_attribute_ind, multi_attribute_ind, s_field_type, site_type ) VALUES ( 'MUSICGENRE', 'Music Style', 'Style', 'checkbox_grid', '%display%', 'VERTICAL', NULL, NULL, NULL, 'category','%display%', NULL, NULL, NULL, NULL, 'Y', 'N', 'Y', 'N', 'CATEGORY', NULL);
INSERT INTO s_attribute_type ( s_attribute_type, description, prompt, input_type, input_type_arg1, input_type_arg2, input_type_arg3, input_type_arg4, input_type_arg5, display_type, display_type_arg1, display_type_arg2, display_type_arg3, display_type_arg4, display_type_arg5, listing_link_ind, file_attribute_ind, lookup_attribute_ind, multi_attribute_ind, s_field_type, site_type ) VALUES ( 'AUDIO_LANG', 'Audio Languages', 'Audio Language(s)', 'checkbox_grid', '%img% %display%', 'VERTICAL', NULL, NULL, NULL, 'display','%img% %display%', NULL, NULL, NULL, NULL, 'Y', 'N', 'Y', 'N', NULL, NULL);
INSERT INTO s_attribute_type ( s_attribute_type, description, prompt, input_type, input_type_arg1, input_type_arg2, input_type_arg3, input_type_arg4, input_type_arg5, display_type, display_type_arg1, display_type_arg2, display_type_arg3, display_type_arg4, display_type_arg5, listing_link_ind, file_attribute_ind, lookup_attribute_ind, multi_attribute_ind, s_field_type, site_type ) VALUES ( 'CDTIME', 'CD Play Length', 'Time', 'text', '6', NULL, NULL, NULL, NULL, 'display','%value%', NULL, NULL, NULL, NULL, 'N', 'N', 'N', 'N', NULL, NULL);
INSERT INTO s_attribute_type ( s_attribute_type, description, prompt, input_type, input_type_arg1, input_type_arg2, input_type_arg3, input_type_arg4, input_type_arg5, display_type, display_type_arg1, display_type_arg2, display_type_arg3, display_type_arg4, display_type_arg5, listing_link_ind, file_attribute_ind, lookup_attribute_ind, multi_attribute_ind, s_field_type, site_type ) VALUES ( 'YEAR', 'Year of Release', 'Year', 'number', '4', NULL, NULL, NULL, NULL, 'display','%value%', NULL, NULL, NULL, NULL, 'Y', 'N', 'N', 'N', NULL, NULL);
INSERT INTO s_attribute_type ( s_attribute_type, description, prompt, input_type, input_type_arg1, input_type_arg2, input_type_arg3, input_type_arg4, input_type_arg5, display_type, display_type_arg1, display_type_arg2, display_type_arg3, display_type_arg4, display_type_arg5, listing_link_ind, file_attribute_ind, lookup_attribute_ind, multi_attribute_ind, s_field_type, site_type ) VALUES ( 'CDTRACK', 'CD Track Title', 'Track(s)', 'text', '50', NULL, NULL, NULL, NULL, 'list','ordered', NULL, NULL, NULL, NULL, 'N', 'N', 'N', 'Y', NULL, NULL);
INSERT INTO s_attribute_type ( s_attribute_type, description, prompt, input_type, input_type_arg1, input_type_arg2, input_type_arg3, input_type_arg4, input_type_arg5, display_type, display_type_arg1, display_type_arg2, display_type_arg3, display_type_arg4, display_type_arg5, listing_link_ind, file_attribute_ind, lookup_attribute_ind, multi_attribute_ind, s_field_type, site_type ) VALUES ( 'NO_MEDIA', 'Records no of Media', 'Number of Media', 'number', '3', NULL, NULL, NULL, NULL, 'display','%value%', NULL, NULL, NULL, NULL, 'Y', 'N', 'N', 'N', NULL, NULL);

#
# Item Attribute Relationships
#
INSERT INTO s_item_attribute_type ( s_item_type, s_attribute_type, order_no, prompt, instance_attribute_ind, compulsory_ind, printable_ind, rss_ind ) VALUES ( 'CD', 'S_ITEM_ID', 0, NULL, 'N', 'N', 'N', 'N' );
INSERT INTO s_item_attribute_type ( s_item_type, s_attribute_type, order_no, prompt, instance_attribute_ind, compulsory_ind, printable_ind, rss_ind ) VALUES ( 'CD', 'S_TITLE', 1, 'CD Title', 'N', 'N', 'Y', 'N' );
INSERT INTO s_item_attribute_type ( s_item_type, s_attribute_type, order_no, prompt, instance_attribute_ind, compulsory_ind, printable_ind, rss_ind ) VALUES ( 'CD', 'ALT_ID', 2, NULL, 'N', 'N', 'Y', 'N' );
INSERT INTO s_item_attribute_type ( s_item_type, s_attribute_type, order_no, prompt, instance_attribute_ind, compulsory_ind, printable_ind, rss_ind ) VALUES ( 'CD', 'ALT_TITLE', 2, NULL, 'N', 'N', 'Y', 'N' );
INSERT INTO s_item_attribute_type ( s_item_type, s_attribute_type, order_no, prompt, instance_attribute_ind, compulsory_ind, printable_ind, rss_ind ) VALUES ( 'CD', 'UPC_ID', 3, NULL, 'N', 'N', 'Y', 'N' );
INSERT INTO s_item_attribute_type ( s_item_type, s_attribute_type, order_no, prompt, instance_attribute_ind, compulsory_ind, printable_ind, rss_ind ) VALUES ( 'CD', 'IMAGEURL', 4, NULL, 'N', 'N', 'Y', 'N' );
INSERT INTO s_item_attribute_type ( s_item_type, s_attribute_type, order_no, prompt, instance_attribute_ind, compulsory_ind, printable_ind, rss_ind ) VALUES ( 'CD', 'IMAGEURLB', 5, NULL, 'N', 'N', 'Y', 'N' );
INSERT INTO s_item_attribute_type ( s_item_type, s_attribute_type, order_no, prompt, instance_attribute_ind, compulsory_ind, printable_ind, rss_ind ) VALUES ( 'CD', 'ARTIST', 10, NULL, 'N', 'N', 'Y', 'Y' );
INSERT INTO s_item_attribute_type ( s_item_type, s_attribute_type, order_no, prompt, instance_attribute_ind, compulsory_ind, printable_ind, rss_ind ) VALUES ( 'CD', 'COMPOSER', 11, NULL, 'N', 'N', 'Y', 'Y' );
INSERT INTO s_item_attribute_type ( s_item_type, s_attribute_type, order_no, prompt, instance_attribute_ind, compulsory_ind, printable_ind, rss_ind ) VALUES ( 'CD', 'LYRICIST', 12, NULL, 'N', 'N', 'Y', 'N' );
INSERT INTO s_item_attribute_type ( s_item_type, s_attribute_type, order_no, prompt, instance_attribute_ind, compulsory_ind, printable_ind, rss_ind ) VALUES ( 'CD', 'INSTRUMENT', 13, NULL, 'N', 'N', 'Y', 'N' );
INSERT INTO s_item_attribute_type ( s_item_type, s_attribute_type, order_no, prompt, instance_attribute_ind, compulsory_ind, printable_ind, rss_ind ) VALUES ( 'CD', 'VOCALIST', 14, NULL, 'N', 'N', 'Y', 'N' );
INSERT INTO s_item_attribute_type ( s_item_type, s_attribute_type, order_no, prompt, instance_attribute_ind, compulsory_ind, printable_ind, rss_ind ) VALUES ( 'CD', 'CONDUCTER', 15, NULL, 'N', 'N', 'Y', 'N' );
INSERT INTO s_item_attribute_type ( s_item_type, s_attribute_type, order_no, prompt, instance_attribute_ind, compulsory_ind, printable_ind, rss_ind ) VALUES ( 'CD', 'PRODUCER', 16, NULL, 'N', 'N', 'Y', 'N' );
INSERT INTO s_item_attribute_type ( s_item_type, s_attribute_type, order_no, prompt, instance_attribute_ind, compulsory_ind, printable_ind, rss_ind ) VALUES ( 'CD', 'PUBLISHER', 18, NULL, 'N', 'N', 'Y', 'N' );
INSERT INTO s_item_attribute_type ( s_item_type, s_attribute_type, order_no, prompt, instance_attribute_ind, compulsory_ind, printable_ind, rss_ind ) VALUES ( 'CD', 'MUSICGENRE', 20, NULL, 'N', 'N', 'Y', 'N' );
INSERT INTO s_item_attribute_type ( s_item_type, s_attribute_type, order_no, prompt, instance_attribute_ind, compulsory_ind, printable_ind, rss_ind ) VALUES ( 'CD', 'AUDIO_LANG', 25, NULL, 'N', 'N', 'Y', 'N' );
INSERT INTO s_item_attribute_type ( s_item_type, s_attribute_type, order_no, prompt, instance_attribute_ind, compulsory_ind, printable_ind, rss_ind ) VALUES ( 'CD', 'CDTIME', 30, NULL, 'N', 'N', 'Y', 'N' );
INSERT INTO s_item_attribute_type ( s_item_type, s_attribute_type, order_no, prompt, instance_attribute_ind, compulsory_ind, printable_ind, rss_ind ) VALUES ( 'CD', 'YEAR', 40, NULL, 'N', 'N', 'Y', 'N' );
INSERT INTO s_item_attribute_type ( s_item_type, s_attribute_type, order_no, prompt, instance_attribute_ind, compulsory_ind, printable_ind, rss_ind ) VALUES ( 'CD', 'CDTRACK', 50, NULL, 'N', 'N', 'Y', 'N' );
INSERT INTO s_item_attribute_type ( s_item_type, s_attribute_type, order_no, prompt, instance_attribute_ind, compulsory_ind, printable_ind, rss_ind ) VALUES ( 'CD', 'NO_MEDIA', 60, NULL, 'N', 'N', 'Y', 'N' );
INSERT INTO s_item_attribute_type ( s_item_type, s_attribute_type, order_no, prompt, instance_attribute_ind, compulsory_ind, printable_ind, rss_ind ) VALUES ( 'CD', 'S_STATUS', 253, NULL, 'N', 'N', 'Y', 'N' );
INSERT INTO s_item_attribute_type ( s_item_type, s_attribute_type, order_no, prompt, instance_attribute_ind, compulsory_ind, printable_ind, rss_ind ) VALUES ( 'CD', 'S_STATCMNT', 254, NULL, 'N', 'N', 'Y', 'N' );
INSERT INTO s_item_attribute_type ( s_item_type, s_attribute_type, order_no, prompt, instance_attribute_ind, compulsory_ind, printable_ind, rss_ind ) VALUES ( 'CD', 'S_DURATION', 255, NULL, 'N', 'N', 'Y', 'N' );

#
# Attribute Type Lookup (MUSICGENRE)
#
INSERT INTO s_attribute_type_lookup ( s_attribute_type, order_no, value, display, img, checked_ind ) VALUES ( 'MUSICGENRE', NULL, 'blues', 'Blues', '', 'N' );
INSERT INTO s_attribute_type_lookup ( s_attribute_type, order_no, value, display, img, checked_ind ) VALUES ( 'MUSICGENRE', NULL, 'classical', 'Classical', '', 'N' );
INSERT INTO s_attribute_type_lookup ( s_attribute_type, order_no, value, display, img, checked_ind ) VALUES ( 'MUSICGENRE', NULL, 'country', 'Country', '', 'N' );
INSERT INTO s_attribute_type_lookup ( s_attribute_type, order_no, value, display, img, checked_ind ) VALUES ( 'MUSICGENRE', NULL, 'folk', 'Folk', '', 'N' );
INSERT INTO s_attribute_type_lookup ( s_attribute_type, order_no, value, display, img, checked_ind ) VALUES ( 'MUSICGENRE', NULL, 'jazz', 'Jazz', '', 'N' );
INSERT INTO s_attribute_type_lookup ( s_attribute_type, order_no, value, display, img, checked_ind ) VALUES ( 'MUSICGENRE', NULL, 'misc', 'Miscellaneous', '', 'N' );
INSERT INTO s_attribute_type_lookup ( s_attribute_type, order_no, value, display, img, checked_ind ) VALUES ( 'MUSICGENRE', NULL, 'newage', 'New Age', '', 'N' );
INSERT INTO s_attribute_type_lookup ( s_attribute_type, order_no, value, display, img, checked_ind ) VALUES ( 'MUSICGENRE', NULL, 'pop', 'Popular', '', 'Y' );
INSERT INTO s_attribute_type_lookup ( s_attribute_type, order_no, value, display, img, checked_ind ) VALUES ( 'MUSICGENRE', NULL, 'reggae', 'Reggae', '', 'N' );
INSERT INTO s_attribute_type_lookup ( s_attribute_type, order_no, value, display, img, checked_ind ) VALUES ( 'MUSICGENRE', NULL, 'rock', 'Rock', '', 'N' );
INSERT INTO s_attribute_type_lookup ( s_attribute_type, order_no, value, display, img, checked_ind ) VALUES ( 'MUSICGENRE', NULL, 'soundtrack', 'Soundtrack', '', 'N' );

#
# Attribute Type Lookup (AUDIO_LANG)
#
INSERT INTO s_attribute_type_lookup ( s_attribute_type, order_no, value, display, img, checked_ind ) VALUES ( 'AUDIO_LANG', NULL, 'ENGLISH', 'English', 'usa.gif', 'N' );
INSERT INTO s_attribute_type_lookup ( s_attribute_type, order_no, value, display, img, checked_ind ) VALUES ( 'AUDIO_LANG', NULL, 'FINNISH', 'Finnish', 'finnish.gif', 'N' );
INSERT INTO s_attribute_type_lookup ( s_attribute_type, order_no, value, display, img, checked_ind ) VALUES ( 'AUDIO_LANG', NULL, 'FRENCH', 'French', 'french.gif', 'N' );
INSERT INTO s_attribute_type_lookup ( s_attribute_type, order_no, value, display, img, checked_ind ) VALUES ( 'AUDIO_LANG', NULL, 'GERMAN', 'German', 'german.gif', 'N' );
INSERT INTO s_attribute_type_lookup ( s_attribute_type, order_no, value, display, img, checked_ind ) VALUES ( 'AUDIO_LANG', NULL, 'ITALIAN', 'Italian', 'italian.gif', 'N' );
INSERT INTO s_attribute_type_lookup ( s_attribute_type, order_no, value, display, img, checked_ind ) VALUES ( 'AUDIO_LANG', NULL, 'SPANISH', 'Spanish', 'spanish.gif', 'N' );
