#########################################################
# OpenDb 1.5.0a7 'DVD' Item Type
#########################################################

#
# Item Type
#
INSERT INTO s_item_type ( s_item_type, description, image ) VALUES ( 'DVD', 'Digital Versatile Disc', 'dvd.gif' );

#
# Item Type Group Relationships
#
INSERT INTO s_item_type_group_rltshp ( s_item_type_group, s_item_type ) VALUES ( 'VIDEO', 'DVD' );

#
# Attributes (non-core)
#
INSERT INTO s_attribute_type ( s_attribute_type, description, prompt, input_type, input_type_arg1, input_type_arg2, input_type_arg3, input_type_arg4, input_type_arg5, display_type, display_type_arg1, display_type_arg2, display_type_arg3, display_type_arg4, display_type_arg5, listing_link_ind, file_attribute_ind, lookup_attribute_ind, multi_attribute_ind, s_field_type, site_type ) VALUES ( 'UPC_ID', 'UPC ID', 'UPC ID', 'hidden', NULL, NULL, NULL, NULL, NULL, 'hidden',NULL, NULL, NULL, NULL, NULL, 'N', 'N', 'N', 'N', NULL, NULL);
INSERT INTO s_attribute_type ( s_attribute_type, description, prompt, input_type, input_type_arg1, input_type_arg2, input_type_arg3, input_type_arg4, input_type_arg5, display_type, display_type_arg1, display_type_arg2, display_type_arg3, display_type_arg4, display_type_arg5, listing_link_ind, file_attribute_ind, lookup_attribute_ind, multi_attribute_ind, s_field_type, site_type ) VALUES ( 'ALT_TITLE', 'Alternate Title', 'Alternate Title', 'text', '50', NULL, NULL, NULL, NULL, 'display','%value%', NULL, NULL, NULL, NULL, 'N', 'N', 'N', 'N', NULL, NULL);
INSERT INTO s_attribute_type ( s_attribute_type, description, prompt, input_type, input_type_arg1, input_type_arg2, input_type_arg3, input_type_arg4, input_type_arg5, display_type, display_type_arg1, display_type_arg2, display_type_arg3, display_type_arg4, display_type_arg5, listing_link_ind, file_attribute_ind, lookup_attribute_ind, multi_attribute_ind, s_field_type, site_type ) VALUES ( 'IMAGEURL', 'Item Image URL', 'Image', 'url', '50', '*', 'IMAGE', NULL, NULL, 'hidden',NULL, NULL, NULL, NULL, NULL, 'N', 'Y', 'N', 'N', 'IMAGE', NULL);
INSERT INTO s_attribute_type ( s_attribute_type, description, prompt, input_type, input_type_arg1, input_type_arg2, input_type_arg3, input_type_arg4, input_type_arg5, display_type, display_type_arg1, display_type_arg2, display_type_arg3, display_type_arg4, display_type_arg5, listing_link_ind, file_attribute_ind, lookup_attribute_ind, multi_attribute_ind, s_field_type, site_type ) VALUES ( 'ALT_ID', 'Alternate Item ID', 'Alt Item ID', 'text', '10', NULL, NULL, NULL, NULL, 'display','%value%', NULL, NULL, NULL, NULL, 'N', 'N', 'N', 'N', NULL, NULL);
INSERT INTO s_attribute_type ( s_attribute_type, description, prompt, input_type, input_type_arg1, input_type_arg2, input_type_arg3, input_type_arg4, input_type_arg5, display_type, display_type_arg1, display_type_arg2, display_type_arg3, display_type_arg4, display_type_arg5, listing_link_ind, file_attribute_ind, lookup_attribute_ind, multi_attribute_ind, s_field_type, site_type ) VALUES ( 'IMDBRATING', 'IMDB User Rating', 'IMDB Rating', 'hidden', NULL, NULL, NULL, NULL, NULL, 'star_rating','10', '%starrating% %value%/%maxrange%', NULL, NULL, NULL, 'N', 'N', 'N', 'N', NULL, NULL);
INSERT INTO s_attribute_type ( s_attribute_type, description, prompt, input_type, input_type_arg1, input_type_arg2, input_type_arg3, input_type_arg4, input_type_arg5, display_type, display_type_arg1, display_type_arg2, display_type_arg3, display_type_arg4, display_type_arg5, listing_link_ind, file_attribute_ind, lookup_attribute_ind, multi_attribute_ind, s_field_type, site_type ) VALUES ( 'MOVIE_PLOT', 'Plot of a Movie', 'Plot', 'textarea', '50', '5', NULL, NULL, NULL, 'display','%value%', NULL, NULL, NULL, NULL, 'N', 'N', 'N', 'N', NULL, NULL);
INSERT INTO s_attribute_type ( s_attribute_type, description, prompt, input_type, input_type_arg1, input_type_arg2, input_type_arg3, input_type_arg4, input_type_arg5, display_type, display_type_arg1, display_type_arg2, display_type_arg3, display_type_arg4, display_type_arg5, listing_link_ind, file_attribute_ind, lookup_attribute_ind, multi_attribute_ind, s_field_type, site_type ) VALUES ( 'DIRECTOR', 'Director of a Movie', 'Director(s)', 'text', '50', NULL, NULL, NULL, NULL, 'list','names', NULL, NULL, NULL, NULL, 'Y', 'N', 'N', 'Y', NULL, NULL);
INSERT INTO s_attribute_type ( s_attribute_type, description, prompt, input_type, input_type_arg1, input_type_arg2, input_type_arg3, input_type_arg4, input_type_arg5, display_type, display_type_arg1, display_type_arg2, display_type_arg3, display_type_arg4, display_type_arg5, listing_link_ind, file_attribute_ind, lookup_attribute_ind, multi_attribute_ind, s_field_type, site_type ) VALUES ( 'ACTORS', 'List of Actors in a movie', 'Actor(s)', 'text', '50', NULL, NULL, NULL, NULL, 'list','names', NULL, NULL, NULL, NULL, 'Y', 'N', 'N', 'Y', NULL, NULL);
INSERT INTO s_attribute_type ( s_attribute_type, description, prompt, input_type, input_type_arg1, input_type_arg2, input_type_arg3, input_type_arg4, input_type_arg5, display_type, display_type_arg1, display_type_arg2, display_type_arg3, display_type_arg4, display_type_arg5, listing_link_ind, file_attribute_ind, lookup_attribute_ind, multi_attribute_ind, s_field_type, site_type ) VALUES ( 'MOVIEGENRE', 'Movie Genre', 'Genre', 'checkbox_grid', '%display%', 'VERTICAL', NULL, NULL, NULL, 'category','%display%', NULL, NULL, NULL, NULL, 'Y', 'N', 'Y', 'N', 'CATEGORY', NULL);
INSERT INTO s_attribute_type ( s_attribute_type, description, prompt, input_type, input_type_arg1, input_type_arg2, input_type_arg3, input_type_arg4, input_type_arg5, display_type, display_type_arg1, display_type_arg2, display_type_arg3, display_type_arg4, display_type_arg5, listing_link_ind, file_attribute_ind, lookup_attribute_ind, multi_attribute_ind, s_field_type, site_type ) VALUES ( 'YEAR', 'Year of Release', 'Year', 'number', '4', NULL, NULL, NULL, NULL, 'display','%value%', NULL, NULL, NULL, NULL, 'Y', 'N', 'N', 'N', NULL, NULL);
INSERT INTO s_attribute_type ( s_attribute_type, description, prompt, input_type, input_type_arg1, input_type_arg2, input_type_arg3, input_type_arg4, input_type_arg5, display_type, display_type_arg1, display_type_arg2, display_type_arg3, display_type_arg4, display_type_arg5, listing_link_ind, file_attribute_ind, lookup_attribute_ind, multi_attribute_ind, s_field_type, site_type ) VALUES ( 'RUN_TIME', 'Running time', 'Length (minutes)', 'number', '4', NULL, NULL, NULL, NULL, 'format_mins','%h %H %m %M', NULL, NULL, NULL, NULL, 'N', 'N', 'N', 'N', NULL, NULL);
INSERT INTO s_attribute_type ( s_attribute_type, description, prompt, input_type, input_type_arg1, input_type_arg2, input_type_arg3, input_type_arg4, input_type_arg5, display_type, display_type_arg1, display_type_arg2, display_type_arg3, display_type_arg4, display_type_arg5, listing_link_ind, file_attribute_ind, lookup_attribute_ind, multi_attribute_ind, s_field_type, site_type ) VALUES ( 'AUDIO_LANG', 'Audio Languages', 'Language(s)', 'checkbox_grid', '%img% %display%', 'VERTICAL', NULL, NULL, NULL, 'display','%img% %display%', NULL, NULL, NULL, NULL, 'Y', 'N', 'Y', 'N', NULL, NULL);
INSERT INTO s_attribute_type ( s_attribute_type, description, prompt, input_type, input_type_arg1, input_type_arg2, input_type_arg3, input_type_arg4, input_type_arg5, display_type, display_type_arg1, display_type_arg2, display_type_arg3, display_type_arg4, display_type_arg5, listing_link_ind, file_attribute_ind, lookup_attribute_ind, multi_attribute_ind, s_field_type, site_type ) VALUES ( 'AUDIO_XTRA', 'Additional Audio Tracks', 'Additional Audio', 'checkbox_grid', '%img% %display%', 'VERTICAL', NULL, NULL, NULL, 'display','%img% %display%', NULL, NULL, NULL, NULL, 'N', 'N', 'Y', 'N', NULL, NULL);
INSERT INTO s_attribute_type ( s_attribute_type, description, prompt, input_type, input_type_arg1, input_type_arg2, input_type_arg3, input_type_arg4, input_type_arg5, display_type, display_type_arg1, display_type_arg2, display_type_arg3, display_type_arg4, display_type_arg5, listing_link_ind, file_attribute_ind, lookup_attribute_ind, multi_attribute_ind, s_field_type, site_type ) VALUES ( 'DVD_AUDIO', 'DVD Audio Format', 'Audio Format(s)', 'checkbox_grid', '%img% %display%', 'VERTICAL', NULL, NULL, NULL, 'display','%img% %display%', NULL, NULL, NULL, NULL, 'N', 'N', 'Y', 'N', NULL, NULL);
INSERT INTO s_attribute_type ( s_attribute_type, description, prompt, input_type, input_type_arg1, input_type_arg2, input_type_arg3, input_type_arg4, input_type_arg5, display_type, display_type_arg1, display_type_arg2, display_type_arg3, display_type_arg4, display_type_arg5, listing_link_ind, file_attribute_ind, lookup_attribute_ind, multi_attribute_ind, s_field_type, site_type ) VALUES ( 'SUBTITLES', 'Subtitle languages', 'Subtitles', 'checkbox_grid', '%img% %display%', 'VERTICAL', NULL, NULL, NULL, 'display','%img% %display%', NULL, NULL, NULL, NULL, 'Y', 'N', 'Y', 'N', NULL, NULL);
INSERT INTO s_attribute_type ( s_attribute_type, description, prompt, input_type, input_type_arg1, input_type_arg2, input_type_arg3, input_type_arg4, input_type_arg5, display_type, display_type_arg1, display_type_arg2, display_type_arg3, display_type_arg4, display_type_arg5, listing_link_ind, file_attribute_ind, lookup_attribute_ind, multi_attribute_ind, s_field_type, site_type ) VALUES ( 'AGE_RATING', 'Age Recommendation', 'Age', 'radio_grid', '%img% %display%', NULL, NULL, NULL, NULL, 'display','%img%', NULL, NULL, NULL, NULL, 'Y', 'N', 'Y', 'N', NULL, NULL);
INSERT INTO s_attribute_type ( s_attribute_type, description, prompt, input_type, input_type_arg1, input_type_arg2, input_type_arg3, input_type_arg4, input_type_arg5, display_type, display_type_arg1, display_type_arg2, display_type_arg3, display_type_arg4, display_type_arg5, listing_link_ind, file_attribute_ind, lookup_attribute_ind, multi_attribute_ind, s_field_type, site_type ) VALUES ( 'DVD_REGION', 'DVD Region', 'Region(s)', 'checkbox_grid', '%value% - %display%', NULL, NULL, NULL, NULL, 'display','%value%', NULL, NULL, NULL, NULL, 'Y', 'N', 'Y', 'N', NULL, NULL);
INSERT INTO s_attribute_type ( s_attribute_type, description, prompt, input_type, input_type_arg1, input_type_arg2, input_type_arg3, input_type_arg4, input_type_arg5, display_type, display_type_arg1, display_type_arg2, display_type_arg3, display_type_arg4, display_type_arg5, listing_link_ind, file_attribute_ind, lookup_attribute_ind, multi_attribute_ind, s_field_type, site_type ) VALUES ( 'RATIO', 'Aspect Ratio of Movie', 'Aspect Ratio(s)', 'checkbox_grid', '%value%', 'VERTICAL', NULL, NULL, NULL, 'display','%display%', NULL, NULL, NULL, NULL, 'Y', 'N', 'Y', 'N', NULL, NULL);
INSERT INTO s_attribute_type ( s_attribute_type, description, prompt, input_type, input_type_arg1, input_type_arg2, input_type_arg3, input_type_arg4, input_type_arg5, display_type, display_type_arg1, display_type_arg2, display_type_arg3, display_type_arg4, display_type_arg5, listing_link_ind, file_attribute_ind, lookup_attribute_ind, multi_attribute_ind, s_field_type, site_type ) VALUES ( 'ANAMORPHIC', 'Anamorphic indicator', 'Anamorphic', 'checkbox', 'Y', NULL, NULL, NULL, NULL, '%value%',NULL, NULL, NULL, NULL, NULL, 'N', 'N', 'N', 'N', NULL, NULL);
INSERT INTO s_attribute_type ( s_attribute_type, description, prompt, input_type, input_type_arg1, input_type_arg2, input_type_arg3, input_type_arg4, input_type_arg5, display_type, display_type_arg1, display_type_arg2, display_type_arg3, display_type_arg4, display_type_arg5, listing_link_ind, file_attribute_ind, lookup_attribute_ind, multi_attribute_ind, s_field_type, site_type ) VALUES ( 'VID_FORMAT', 'Encoding Format of Video', 'Video Format', 'single_select', '%value%', NULL, NULL, NULL, NULL, 'display','%value%', NULL, NULL, NULL, NULL, 'Y', 'N', 'Y', 'N', NULL, NULL);
INSERT INTO s_attribute_type ( s_attribute_type, description, prompt, input_type, input_type_arg1, input_type_arg2, input_type_arg3, input_type_arg4, input_type_arg5, display_type, display_type_arg1, display_type_arg2, display_type_arg3, display_type_arg4, display_type_arg5, listing_link_ind, file_attribute_ind, lookup_attribute_ind, multi_attribute_ind, s_field_type, site_type ) VALUES ( 'DVD_TYPE', 'Type of DVD', 'Type', 'single_select', '%display%', NULL, NULL, NULL, NULL, 'display','%display%', NULL, NULL, NULL, NULL, 'Y', 'N', 'Y', 'N', NULL, NULL);
INSERT INTO s_attribute_type ( s_attribute_type, description, prompt, input_type, input_type_arg1, input_type_arg2, input_type_arg3, input_type_arg4, input_type_arg5, display_type, display_type_arg1, display_type_arg2, display_type_arg3, display_type_arg4, display_type_arg5, listing_link_ind, file_attribute_ind, lookup_attribute_ind, multi_attribute_ind, s_field_type, site_type ) VALUES ( 'NO_DISCS', 'Records no of Discs', 'Number of Disc(s)', 'value_select', '1,2,3,4,5,6,7,8,9,10', NULL, NULL, NULL, NULL, 'display','%value%', NULL, NULL, NULL, NULL, 'N', 'N', 'N', 'N', NULL, NULL);
INSERT INTO s_attribute_type ( s_attribute_type, description, prompt, input_type, input_type_arg1, input_type_arg2, input_type_arg3, input_type_arg4, input_type_arg5, display_type, display_type_arg1, display_type_arg2, display_type_arg3, display_type_arg4, display_type_arg5, listing_link_ind, file_attribute_ind, lookup_attribute_ind, multi_attribute_ind, s_field_type, site_type ) VALUES ( 'DVD_EXTRAS', 'DVD Extra Features Details', 'Extras', 'textarea', '50', '5', NULL, NULL, NULL, 'list','ticks', NULL, NULL, NULL, NULL, 'N', 'N', 'N', 'N', NULL, NULL);

#
# Item Attribute Relationships
#
INSERT INTO s_item_attribute_type ( s_item_type, s_attribute_type, order_no, prompt, instance_attribute_ind, compulsory_ind, printable_ind, rss_ind ) VALUES ( 'DVD', 'UPC_ID', 0, NULL, 'N', 'N', 'Y', 'N' );
INSERT INTO s_item_attribute_type ( s_item_type, s_attribute_type, order_no, prompt, instance_attribute_ind, compulsory_ind, printable_ind, rss_ind ) VALUES ( 'DVD', 'AMAZONASIN', 0, NULL, 'N', 'N', 'Y', 'N' );
INSERT INTO s_item_attribute_type ( s_item_type, s_attribute_type, order_no, prompt, instance_attribute_ind, compulsory_ind, printable_ind, rss_ind ) VALUES ( 'DVD', 'DVDEMPR_ID', 0, NULL, 'N', 'N', 'Y', 'N' );
INSERT INTO s_item_attribute_type ( s_item_type, s_attribute_type, order_no, prompt, instance_attribute_ind, compulsory_ind, printable_ind, rss_ind ) VALUES ( 'DVD', 'IMDB_ID', 0, NULL, 'N', 'N', 'Y', 'N' );
INSERT INTO s_item_attribute_type ( s_item_type, s_attribute_type, order_no, prompt, instance_attribute_ind, compulsory_ind, printable_ind, rss_ind ) VALUES ( 'DVD', 'ALT_TITLE', 1, NULL, 'N', 'N', 'Y', 'N' );
INSERT INTO s_item_attribute_type ( s_item_type, s_attribute_type, order_no, prompt, instance_attribute_ind, compulsory_ind, printable_ind, rss_ind ) VALUES ( 'DVD', 'S_TITLE', 1, NULL, 'N', 'N', 'Y', 'N' );
INSERT INTO s_item_attribute_type ( s_item_type, s_attribute_type, order_no, prompt, instance_attribute_ind, compulsory_ind, printable_ind, rss_ind ) VALUES ( 'DVD', 'IMAGEURL', 2, NULL, 'N', 'N', 'Y', 'N' );
INSERT INTO s_item_attribute_type ( s_item_type, s_attribute_type, order_no, prompt, instance_attribute_ind, compulsory_ind, printable_ind, rss_ind ) VALUES ( 'DVD', 'ALT_ID', 2, NULL, 'Y', 'N', 'Y', 'N' );
INSERT INTO s_item_attribute_type ( s_item_type, s_attribute_type, order_no, prompt, instance_attribute_ind, compulsory_ind, printable_ind, rss_ind ) VALUES ( 'DVD', 'IMDBRATING', 5, NULL, 'N', 'N', 'Y', 'N' );
INSERT INTO s_item_attribute_type ( s_item_type, s_attribute_type, order_no, prompt, instance_attribute_ind, compulsory_ind, printable_ind, rss_ind ) VALUES ( 'DVD', 'MOVIE_PLOT', 10, 'Plot', 'N', 'N', 'Y', 'Y' );
INSERT INTO s_item_attribute_type ( s_item_type, s_attribute_type, order_no, prompt, instance_attribute_ind, compulsory_ind, printable_ind, rss_ind ) VALUES ( 'DVD', 'DIRECTOR', 20, NULL, 'N', 'N', 'Y', 'N' );
INSERT INTO s_item_attribute_type ( s_item_type, s_attribute_type, order_no, prompt, instance_attribute_ind, compulsory_ind, printable_ind, rss_ind ) VALUES ( 'DVD', 'ACTORS', 30, NULL, 'N', 'N', 'Y', 'N' );
INSERT INTO s_item_attribute_type ( s_item_type, s_attribute_type, order_no, prompt, instance_attribute_ind, compulsory_ind, printable_ind, rss_ind ) VALUES ( 'DVD', 'MOVIEGENRE', 40, NULL, 'N', 'Y', 'Y', 'N' );
INSERT INTO s_item_attribute_type ( s_item_type, s_attribute_type, order_no, prompt, instance_attribute_ind, compulsory_ind, printable_ind, rss_ind ) VALUES ( 'DVD', 'YEAR', 50, NULL, 'N', 'Y', 'Y', 'N' );
INSERT INTO s_item_attribute_type ( s_item_type, s_attribute_type, order_no, prompt, instance_attribute_ind, compulsory_ind, printable_ind, rss_ind ) VALUES ( 'DVD', 'RUN_TIME', 60, NULL, 'N', 'N', 'Y', 'N' );
INSERT INTO s_item_attribute_type ( s_item_type, s_attribute_type, order_no, prompt, instance_attribute_ind, compulsory_ind, printable_ind, rss_ind ) VALUES ( 'DVD', 'AUDIO_LANG', 70, NULL, 'N', 'N', 'Y', 'N' );
INSERT INTO s_item_attribute_type ( s_item_type, s_attribute_type, order_no, prompt, instance_attribute_ind, compulsory_ind, printable_ind, rss_ind ) VALUES ( 'DVD', 'AUDIO_XTRA', 75, NULL, 'N', 'N', 'Y', 'N' );
INSERT INTO s_item_attribute_type ( s_item_type, s_attribute_type, order_no, prompt, instance_attribute_ind, compulsory_ind, printable_ind, rss_ind ) VALUES ( 'DVD', 'DVD_AUDIO', 76, NULL, 'N', 'N', 'Y', 'N' );
INSERT INTO s_item_attribute_type ( s_item_type, s_attribute_type, order_no, prompt, instance_attribute_ind, compulsory_ind, printable_ind, rss_ind ) VALUES ( 'DVD', 'SUBTITLES', 80, NULL, 'N', 'N', 'Y', 'N' );
INSERT INTO s_item_attribute_type ( s_item_type, s_attribute_type, order_no, prompt, instance_attribute_ind, compulsory_ind, printable_ind, rss_ind ) VALUES ( 'DVD', 'AGE_RATING', 90, NULL, 'N', 'N', 'Y', 'N' );
INSERT INTO s_item_attribute_type ( s_item_type, s_attribute_type, order_no, prompt, instance_attribute_ind, compulsory_ind, printable_ind, rss_ind ) VALUES ( 'DVD', 'DVD_REGION', 100, NULL, 'N', 'N', 'Y', 'N' );
INSERT INTO s_item_attribute_type ( s_item_type, s_attribute_type, order_no, prompt, instance_attribute_ind, compulsory_ind, printable_ind, rss_ind ) VALUES ( 'DVD', 'RATIO', 110, NULL, 'N', 'N', 'Y', 'N' );
INSERT INTO s_item_attribute_type ( s_item_type, s_attribute_type, order_no, prompt, instance_attribute_ind, compulsory_ind, printable_ind, rss_ind ) VALUES ( 'DVD', 'ANAMORPHIC', 115, NULL, 'N', 'N', 'Y', 'N' );
INSERT INTO s_item_attribute_type ( s_item_type, s_attribute_type, order_no, prompt, instance_attribute_ind, compulsory_ind, printable_ind, rss_ind ) VALUES ( 'DVD', 'VID_FORMAT', 120, NULL, 'N', 'N', 'Y', 'N' );
INSERT INTO s_item_attribute_type ( s_item_type, s_attribute_type, order_no, prompt, instance_attribute_ind, compulsory_ind, printable_ind, rss_ind ) VALUES ( 'DVD', 'DVD_TYPE', 121, NULL, 'N', 'N', 'Y', 'N' );
INSERT INTO s_item_attribute_type ( s_item_type, s_attribute_type, order_no, prompt, instance_attribute_ind, compulsory_ind, printable_ind, rss_ind ) VALUES ( 'DVD', 'NO_DISCS', 125, NULL, 'N', 'N', 'Y', 'N' );
INSERT INTO s_item_attribute_type ( s_item_type, s_attribute_type, order_no, prompt, instance_attribute_ind, compulsory_ind, printable_ind, rss_ind ) VALUES ( 'DVD', 'DVD_EXTRAS', 130, NULL, 'N', 'N', 'Y', 'N' );
INSERT INTO s_item_attribute_type ( s_item_type, s_attribute_type, order_no, prompt, instance_attribute_ind, compulsory_ind, printable_ind, rss_ind ) VALUES ( 'DVD', 'S_STATUS', 253, NULL, 'N', 'N', 'Y', 'N' );
INSERT INTO s_item_attribute_type ( s_item_type, s_attribute_type, order_no, prompt, instance_attribute_ind, compulsory_ind, printable_ind, rss_ind ) VALUES ( 'DVD', 'S_STATCMNT', 254, NULL, 'N', 'N', 'Y', 'N' );
INSERT INTO s_item_attribute_type ( s_item_type, s_attribute_type, order_no, prompt, instance_attribute_ind, compulsory_ind, printable_ind, rss_ind ) VALUES ( 'DVD', 'S_DURATION', 255, NULL, 'N', 'N', 'Y', 'N' );

#
# Attribute Type Lookup (MOVIEGENRE)
#
INSERT INTO s_attribute_type_lookup ( s_attribute_type, order_no, value, display, img, checked_ind ) VALUES ( 'MOVIEGENRE', NULL, 'Action', '', '', 'N' );
INSERT INTO s_attribute_type_lookup ( s_attribute_type, order_no, value, display, img, checked_ind ) VALUES ( 'MOVIEGENRE', NULL, 'Adult', '', '', 'N' );
INSERT INTO s_attribute_type_lookup ( s_attribute_type, order_no, value, display, img, checked_ind ) VALUES ( 'MOVIEGENRE', NULL, 'Adventure', '', '', 'N' );
INSERT INTO s_attribute_type_lookup ( s_attribute_type, order_no, value, display, img, checked_ind ) VALUES ( 'MOVIEGENRE', NULL, 'Animation', '', '', 'N' );
INSERT INTO s_attribute_type_lookup ( s_attribute_type, order_no, value, display, img, checked_ind ) VALUES ( 'MOVIEGENRE', NULL, 'Audio', '', '', 'N' );
INSERT INTO s_attribute_type_lookup ( s_attribute_type, order_no, value, display, img, checked_ind ) VALUES ( 'MOVIEGENRE', NULL, 'Biblical', '', '', 'N' );
INSERT INTO s_attribute_type_lookup ( s_attribute_type, order_no, value, display, img, checked_ind ) VALUES ( 'MOVIEGENRE', NULL, 'Comedy', '', '', 'N' );
INSERT INTO s_attribute_type_lookup ( s_attribute_type, order_no, value, display, img, checked_ind ) VALUES ( 'MOVIEGENRE', NULL, 'Documentary', '', '', 'N' );
INSERT INTO s_attribute_type_lookup ( s_attribute_type, order_no, value, display, img, checked_ind ) VALUES ( 'MOVIEGENRE', NULL, 'Drama', '', '', 'N' );
INSERT INTO s_attribute_type_lookup ( s_attribute_type, order_no, value, display, img, checked_ind ) VALUES ( 'MOVIEGENRE', NULL, 'Fantasy', '', '', 'N' );
INSERT INTO s_attribute_type_lookup ( s_attribute_type, order_no, value, display, img, checked_ind ) VALUES ( 'MOVIEGENRE', NULL, 'Horror', '', '', 'N' );
INSERT INTO s_attribute_type_lookup ( s_attribute_type, order_no, value, display, img, checked_ind ) VALUES ( 'MOVIEGENRE', NULL, 'Music', '', '', 'N' );
INSERT INTO s_attribute_type_lookup ( s_attribute_type, order_no, value, display, img, checked_ind ) VALUES ( 'MOVIEGENRE', NULL, 'Musical', '', '', 'N' );
INSERT INTO s_attribute_type_lookup ( s_attribute_type, order_no, value, display, img, checked_ind ) VALUES ( 'MOVIEGENRE', NULL, 'Mystery', '', '', 'N' );
INSERT INTO s_attribute_type_lookup ( s_attribute_type, order_no, value, display, img, checked_ind ) VALUES ( 'MOVIEGENRE', NULL, 'Other', '', '', 'N' );
INSERT INTO s_attribute_type_lookup ( s_attribute_type, order_no, value, display, img, checked_ind ) VALUES ( 'MOVIEGENRE', NULL, 'Romance', '', '', 'N' );
INSERT INTO s_attribute_type_lookup ( s_attribute_type, order_no, value, display, img, checked_ind ) VALUES ( 'MOVIEGENRE', NULL, 'ScienceFiction', 'Science Fiction', '', 'N' );
INSERT INTO s_attribute_type_lookup ( s_attribute_type, order_no, value, display, img, checked_ind ) VALUES ( 'MOVIEGENRE', NULL, 'Suspense', '', '', 'N' );
INSERT INTO s_attribute_type_lookup ( s_attribute_type, order_no, value, display, img, checked_ind ) VALUES ( 'MOVIEGENRE', NULL, 'Thriller', '', '', 'N' );
INSERT INTO s_attribute_type_lookup ( s_attribute_type, order_no, value, display, img, checked_ind ) VALUES ( 'MOVIEGENRE', NULL, 'War', '', '', 'N' );
INSERT INTO s_attribute_type_lookup ( s_attribute_type, order_no, value, display, img, checked_ind ) VALUES ( 'MOVIEGENRE', NULL, 'Western', '', '', 'N' );

#
# Attribute Type Lookup (AUDIO_LANG)
#
INSERT INTO s_attribute_type_lookup ( s_attribute_type, order_no, value, display, img, checked_ind ) VALUES ( 'AUDIO_LANG', 0, 'ENGLISH', 'English', 'usa.gif', 'N' );
INSERT INTO s_attribute_type_lookup ( s_attribute_type, order_no, value, display, img, checked_ind ) VALUES ( 'AUDIO_LANG', 1, 'FINNISH', 'Finnish', 'finnish.gif', 'N' );
INSERT INTO s_attribute_type_lookup ( s_attribute_type, order_no, value, display, img, checked_ind ) VALUES ( 'AUDIO_LANG', 2, 'FRENCH', 'French', 'french.gif', 'N' );
INSERT INTO s_attribute_type_lookup ( s_attribute_type, order_no, value, display, img, checked_ind ) VALUES ( 'AUDIO_LANG', 3, 'GERMAN', 'German', 'german.gif', 'N' );
INSERT INTO s_attribute_type_lookup ( s_attribute_type, order_no, value, display, img, checked_ind ) VALUES ( 'AUDIO_LANG', 4, 'ITALIAN', 'Italian', 'italian.gif', 'N' );
INSERT INTO s_attribute_type_lookup ( s_attribute_type, order_no, value, display, img, checked_ind ) VALUES ( 'AUDIO_LANG', 5, 'SPANISH', 'Spanish', 'spanish.gif', 'N' );

#
# Attribute Type Lookup (AUDIO_XTRA)
#
INSERT INTO s_attribute_type_lookup ( s_attribute_type, order_no, value, display, img, checked_ind ) VALUES ( 'AUDIO_XTRA', 0, 'SOUNDTRACK', 'Soundtrack Only', 'director.gif', 'N' );
INSERT INTO s_attribute_type_lookup ( s_attribute_type, order_no, value, display, img, checked_ind ) VALUES ( 'AUDIO_XTRA', 1, 'ACT_COMMENT', 'Actor\'s Commentary', 'director.gif', 'N' );
INSERT INTO s_attribute_type_lookup ( s_attribute_type, order_no, value, display, img, checked_ind ) VALUES ( 'AUDIO_XTRA', 2, 'DIR_COMMENT', 'Director\'s Commentary', 'director.gif', 'N' );
INSERT INTO s_attribute_type_lookup ( s_attribute_type, order_no, value, display, img, checked_ind ) VALUES ( 'AUDIO_XTRA', 3, 'PROD_COMMENT', 'Producer\'s Commentary', 'director.gif', 'N' );
INSERT INTO s_attribute_type_lookup ( s_attribute_type, order_no, value, display, img, checked_ind ) VALUES ( 'AUDIO_XTRA', 4, 'OTHER_COMMENT', 'Other Commentary', 'director.gif', 'N' );

#
# Attribute Type Lookup (DVD_AUDIO)
#
INSERT INTO s_attribute_type_lookup ( s_attribute_type, order_no, value, display, img, checked_ind ) VALUES ( 'DVD_AUDIO', 1, 'MONO', 'Mono - 1.0', 'mono.gif', 'N' );
INSERT INTO s_attribute_type_lookup ( s_attribute_type, order_no, value, display, img, checked_ind ) VALUES ( 'DVD_AUDIO', 2, 'STEREO', 'Stereo - 2.0', 'stereo.gif', 'N' );
INSERT INTO s_attribute_type_lookup ( s_attribute_type, order_no, value, display, img, checked_ind ) VALUES ( 'DVD_AUDIO', 3, 'SURROUND', 'Surround - 5.1', 'surround51.gif', 'N' );
INSERT INTO s_attribute_type_lookup ( s_attribute_type, order_no, value, display, img, checked_ind ) VALUES ( 'DVD_AUDIO', 4, 'DOLBY', 'Dolby', 'dolby.gif', 'N' );
INSERT INTO s_attribute_type_lookup ( s_attribute_type, order_no, value, display, img, checked_ind ) VALUES ( 'DVD_AUDIO', 5, 'DOLBY2.0', 'Dolby 2.0', 'dolby.gif', 'N' );
INSERT INTO s_attribute_type_lookup ( s_attribute_type, order_no, value, display, img, checked_ind ) VALUES ( 'DVD_AUDIO', 6, 'DOLBY5.1', 'Dolby 5.1', 'dolby.gif', 'N' );
INSERT INTO s_attribute_type_lookup ( s_attribute_type, order_no, value, display, img, checked_ind ) VALUES ( 'DVD_AUDIO', 7, 'DOLBY6.1', 'Dolby 6.1', 'dolby.gif', 'N' );
INSERT INTO s_attribute_type_lookup ( s_attribute_type, order_no, value, display, img, checked_ind ) VALUES ( 'DVD_AUDIO', 8, 'DOLBY7.1', 'Dolby 7.1', 'dolby.gif', 'N' );
INSERT INTO s_attribute_type_lookup ( s_attribute_type, order_no, value, display, img, checked_ind ) VALUES ( 'DVD_AUDIO', 9, 'DTS', 'DTS', 'dts.gif', 'N' );
INSERT INTO s_attribute_type_lookup ( s_attribute_type, order_no, value, display, img, checked_ind ) VALUES ( 'DVD_AUDIO', 10, 'DTS2.0', 'DTS 2.0', 'dts.gif', 'N' );
INSERT INTO s_attribute_type_lookup ( s_attribute_type, order_no, value, display, img, checked_ind ) VALUES ( 'DVD_AUDIO', 11, 'DTS5.1', 'DTS 5.1', 'dts.gif', 'N' );
INSERT INTO s_attribute_type_lookup ( s_attribute_type, order_no, value, display, img, checked_ind ) VALUES ( 'DVD_AUDIO', 12, 'DTS6.1', 'DTS 6.1', 'dts.gif', 'N' );
INSERT INTO s_attribute_type_lookup ( s_attribute_type, order_no, value, display, img, checked_ind ) VALUES ( 'DVD_AUDIO', 13, 'DTS7.1', 'DTS 7.1', 'dts.gif', 'N' );
INSERT INTO s_attribute_type_lookup ( s_attribute_type, order_no, value, display, img, checked_ind ) VALUES ( 'DVD_AUDIO', 14, 'THX', 'THX Certified', 'thx.gif', 'N' );

#
# Attribute Type Lookup (SUBTITLES)
#
INSERT INTO s_attribute_type_lookup ( s_attribute_type, order_no, value, display, img, checked_ind ) VALUES ( 'SUBTITLES', 0, 'COMMENTARY', 'Commentary', 'director.gif', 'N' );
INSERT INTO s_attribute_type_lookup ( s_attribute_type, order_no, value, display, img, checked_ind ) VALUES ( 'SUBTITLES', 1, 'TRIVIA', 'Trivia', 'director.gif', 'N' );
INSERT INTO s_attribute_type_lookup ( s_attribute_type, order_no, value, display, img, checked_ind ) VALUES ( 'SUBTITLES', 2, 'ENGLISH', 'English', 'usa.gif', 'N' );
INSERT INTO s_attribute_type_lookup ( s_attribute_type, order_no, value, display, img, checked_ind ) VALUES ( 'SUBTITLES', 3, 'ENG_H_IMP', 'English (Hearing Impaired)', 'english.gif', 'N' );
INSERT INTO s_attribute_type_lookup ( s_attribute_type, order_no, value, display, img, checked_ind ) VALUES ( 'SUBTITLES', 4, 'FRENCH', 'French', 'french.gif', 'N' );
INSERT INTO s_attribute_type_lookup ( s_attribute_type, order_no, value, display, img, checked_ind ) VALUES ( 'SUBTITLES', 5, 'GERMAN', 'German', 'german.gif', 'N' );
INSERT INTO s_attribute_type_lookup ( s_attribute_type, order_no, value, display, img, checked_ind ) VALUES ( 'SUBTITLES', 6, 'ITALIAN', 'Italian', 'italian.gif', 'N' );
INSERT INTO s_attribute_type_lookup ( s_attribute_type, order_no, value, display, img, checked_ind ) VALUES ( 'SUBTITLES', 7, 'SPANISH', 'Spanish', 'spanish.gif', 'N' );

#
# Attribute Type Lookup (AGE_RATING)
#
INSERT INTO s_attribute_type_lookup ( s_attribute_type, order_no, value, display, img, checked_ind ) VALUES ( 'AGE_RATING', 0, 'G', 'General Exhibition', 'G.gif', 'N' );
INSERT INTO s_attribute_type_lookup ( s_attribute_type, order_no, value, display, img, checked_ind ) VALUES ( 'AGE_RATING', 1, 'PG', 'Parental Guidance Recommended', 'PG.gif', 'N' );
INSERT INTO s_attribute_type_lookup ( s_attribute_type, order_no, value, display, img, checked_ind ) VALUES ( 'AGE_RATING', 2, 'M', 'Mature Audience Recommended', 'M.gif', 'Y' );
INSERT INTO s_attribute_type_lookup ( s_attribute_type, order_no, value, display, img, checked_ind ) VALUES ( 'AGE_RATING', 3, 'MA', 'Mature Audience', 'MA.gif', 'N' );
INSERT INTO s_attribute_type_lookup ( s_attribute_type, order_no, value, display, img, checked_ind ) VALUES ( 'AGE_RATING', 4, 'R', 'Restricted 18+', 'R.gif', 'N' );
INSERT INTO s_attribute_type_lookup ( s_attribute_type, order_no, value, display, img, checked_ind ) VALUES ( 'AGE_RATING', 5, 'X', 'Adult Videos', 'X.gif', 'N' );
INSERT INTO s_attribute_type_lookup ( s_attribute_type, order_no, value, display, img, checked_ind ) VALUES ( 'AGE_RATING', 6, 'NR', 'Not Rated Material', 'NR.gif', 'N' );

#
# Attribute Type Lookup (DVD_REGION)
#
INSERT INTO s_attribute_type_lookup ( s_attribute_type, order_no, value, display, img, checked_ind ) VALUES ( 'DVD_REGION', NULL, '0', 'No Region Encoding', '', 'N' );
INSERT INTO s_attribute_type_lookup ( s_attribute_type, order_no, value, display, img, checked_ind ) VALUES ( 'DVD_REGION', NULL, '1', 'United States & Canada', '', 'Y' );
INSERT INTO s_attribute_type_lookup ( s_attribute_type, order_no, value, display, img, checked_ind ) VALUES ( 'DVD_REGION', NULL, '2', 'Europe, Near East, South Africa & Japan', '', 'N' );
INSERT INTO s_attribute_type_lookup ( s_attribute_type, order_no, value, display, img, checked_ind ) VALUES ( 'DVD_REGION', NULL, '3', 'South East Asia', '', 'N' );
INSERT INTO s_attribute_type_lookup ( s_attribute_type, order_no, value, display, img, checked_ind ) VALUES ( 'DVD_REGION', NULL, '4', 'Australasia, Middle & South America', '', 'N' );
INSERT INTO s_attribute_type_lookup ( s_attribute_type, order_no, value, display, img, checked_ind ) VALUES ( 'DVD_REGION', NULL, '5', 'Africa, Asia, Eastern Europe', '', 'N' );
INSERT INTO s_attribute_type_lookup ( s_attribute_type, order_no, value, display, img, checked_ind ) VALUES ( 'DVD_REGION', NULL, '6', 'People\'s Republic of China', '', 'N' );

#
# Attribute Type Lookup (RATIO)
#
INSERT INTO s_attribute_type_lookup ( s_attribute_type, order_no, value, display, img, checked_ind ) VALUES ( 'RATIO', NULL, '1.33', '', '', 'N' );
INSERT INTO s_attribute_type_lookup ( s_attribute_type, order_no, value, display, img, checked_ind ) VALUES ( 'RATIO', NULL, '1.78', '', '', 'N' );
INSERT INTO s_attribute_type_lookup ( s_attribute_type, order_no, value, display, img, checked_ind ) VALUES ( 'RATIO', NULL, '1.85', '', '', 'Y' );
INSERT INTO s_attribute_type_lookup ( s_attribute_type, order_no, value, display, img, checked_ind ) VALUES ( 'RATIO', NULL, '2.20', '', '', 'N' );
INSERT INTO s_attribute_type_lookup ( s_attribute_type, order_no, value, display, img, checked_ind ) VALUES ( 'RATIO', NULL, '2.35', '', '', 'N' );
INSERT INTO s_attribute_type_lookup ( s_attribute_type, order_no, value, display, img, checked_ind ) VALUES ( 'RATIO', NULL, '2.40', '', '', 'N' );
INSERT INTO s_attribute_type_lookup ( s_attribute_type, order_no, value, display, img, checked_ind ) VALUES ( 'RATIO', NULL, '2.78', '', '', 'N' );

#
# Attribute Type Lookup (VID_FORMAT)
#
INSERT INTO s_attribute_type_lookup ( s_attribute_type, order_no, value, display, img, checked_ind ) VALUES ( 'VID_FORMAT', NULL, 'NTSC', '', '', 'Y' );
INSERT INTO s_attribute_type_lookup ( s_attribute_type, order_no, value, display, img, checked_ind ) VALUES ( 'VID_FORMAT', NULL, 'PAL', '', '', 'N' );
INSERT INTO s_attribute_type_lookup ( s_attribute_type, order_no, value, display, img, checked_ind ) VALUES ( 'VID_FORMAT', NULL, 'SECAM', '', '', 'N' );

#
# Attribute Type Lookup (DVD_TYPE)
#
INSERT INTO s_attribute_type_lookup ( s_attribute_type, order_no, value, display, img, checked_ind ) VALUES ( 'DVD_TYPE', 1, 'PRESSED', 'Normal / Pressed', '', 'Y' );
INSERT INTO s_attribute_type_lookup ( s_attribute_type, order_no, value, display, img, checked_ind ) VALUES ( 'DVD_TYPE', 2, 'DVD-R', 'DVD-R', '', 'N' );
INSERT INTO s_attribute_type_lookup ( s_attribute_type, order_no, value, display, img, checked_ind ) VALUES ( 'DVD_TYPE', 3, 'DVD+R', 'DVD+R', '', 'N' );
